{"normals":{ "x":-0.108004,"y":-0.947552,"z":-0.300801,"d":1.08394},"area":3.49912,"volume":0,"covariance": 35123.8  1074.45 -15654.3
 1074.45  3813.35 -11233.4
-15654.3 -11233.4  38059.8,"gradient":{ "x":8.83055,"y":-86.5662,"z":-0.783532},"riftdescriptors":{(0.323166, 0.166396, 0.170103, 0.249009, 0, 0, 0, 0, 0, 0, 0, 0, 0, 0.00454822, 0.00465001, 0, 0, 0.162173, 0.165803, 0.0101387, 0, 0, 0.0168802, 0.411501, 0, 0, 0.606628, 0.198652, 0, 0.0177542, 0.0412311, 0.37935)}"vfhs":{(100.018, 0, 0, 0, 0, 0, 0, 0, 0, 0, 0, 0, 0, 0, 0, 0, 0, 0, 0, 0, 0, 0, 0, 0, 0, 0, 0, 0, 0, 0, 0, 0, 0, 0, 0, 0, 0, 0, 0, 0, 0, 0, 0, 0, 0, 100.018, 0, 0, 0, 0, 0, 0, 0, 0, 0, 0, 0, 0, 0, 0, 0, 0, 0, 0, 0, 0, 0, 0, 0, 0, 0, 0, 0, 0, 0, 0, 0, 0, 0, 0, 0, 0, 0, 0, 0, 0, 0, 0, 0, 0, 100.018, 0, 0, 0, 0, 0, 0, 0, 0, 0, 0, 0, 0, 0, 0, 0, 0, 0, 0, 0, 0, 0, 0, 0, 0, 0, 0, 0, 0, 0, 0, 0, 0, 0, 0, 0, 0, 0, 0, 0, 0, 0, 0, 0, 0, 0, 0, 0, 0, 0, 0, 0, 0, 0, 0, 0, 0, 0, 0, 0, 0, 0, 0, 0, 0, 0, 0, 0, 0, 0, 0, 0, 0, 0, 0, 0, 0, 0, 0, 0, 0, 0, 0, 0, 0, 0, 0, 0, 0, 0, 0.213916, 0, 0, 0, 0, 0, 0, 0, 0, 0, 0, 0, 0, 0, 0, 0, 0, 0, 0, 0, 0, 0, 0, 0, 0, 0, 0, 0, 0, 0, 0, 0, 0, 0, 0.00187645, 0, 0.00187645, 0.00187645, 0.00938227, 0.00750582, 0.00938227, 0.00750582, 0.00375291, 0.020641, 0.0300233, 0.0131352, 0.00938227, 0.0150116, 0.020641, 0.0243939, 0.0131352, 0.0318997, 0.0262704, 0.0243939, 0.0150116, 0.0131352, 0.0262704, 0.0281468, 0.0262704, 0.0356526, 0.061923, 0.0318997, 0.061923, 0.0788111, 0.0506643, 0.0637995, 0.0637995, 0.0675524, 0.0863169, 0.105081, 0.0731817, 0.0938227, 0.118217, 0.0656759, 0.108834, 0.114464, 0.105081, 0.0900698, 0.123846, 0.0863169, 0.101328, 0.103205, 0.108834, 0.112587, 0.136981, 0.125722, 0.185769, 0.23268, 0.298356, 0.6136, 1.13901, 1.81642, 2.75086, 3.2237, 3.2631, 2.60075, 1.9853, 1.71321, 1.39421, 1.34918, 1.32666, 1.58937, 1.58374, 1.64941, 1.76388, 1.75637, 1.49742, 1.60438, 1.55371, 1.54996, 1.60813, 1.50868, 1.62314, 1.64378, 1.79766, 1.81454, 1.87647, 2.02471, 2.04159, 2.50318, 38.2723, 1.88022, 0, 0, 0, 0, 0, 0)}}