{"normals":{ "x":0.0751477,"y":-0.833494,"z":-0.547394,"d":1.18065},"area":5.99282,"volume":0,"covariance":   28192  -2093.1  6937.07
 -2093.1  16217.7 -25049.2
 6937.07 -25049.2  39348.4,"gradient":{ "x":-300.985,"y":1169.05,"z":-49.7733},"riftdescriptors":{(0.0815245, 0, 0.0197741, 0.17235, 0.0144078, 0.017109, 0, 0, 0.00713463, 0.0245469, 0.00437278, 0.0014518, 0.0103626, 0.056612, 0.00377037, 0.00518978, 0.0136684, 0.139987, 0.159511, 0.100276, 0.0254425, 0.134217, 0.259812, 0.34063, 0, 0.0224447, 0.244834, 0.522375, 0, 0.000559322, 0.199104, 0.572965)}"vfhs":{(0.0606417, 0.055044, 0.0345191, 0.0270555, 0.0149272, 0.0149272, 0.0130613, 0.00653064, 0.00932949, 0.00746359, 0.00466474, 0.0774348, 0.198718, 0.398371, 0.487002, 0.61668, 0.608284, 0.550442, 0.465544, 0.852712, 1.60559, 37.4095, 42.3452, 7.85722, 0.909621, 0.757553, 0.536448, 0.490734, 0.355455, 0.263091, 0.236969, 0.205248, 0.220176, 0.389041, 0.551375, 0.34146, 0.205248, 0.160467, 0.121283, 0.126881, 0.139009, 0.0932949, 0.110088, 0.0438486, 0.0401168, 0.0699712, 0.0699712, 0.737961, 0.927346, 0.662394, 0.556973, 0.512192, 0.541113, 0.54018, 0.487935, 0.383443, 0.347058, 0.329332, 0.359186, 0.377846, 0.380645, 0.437555, 0.607351, 2.10844, 8.19119, 14.9085, 10.9119, 7.28238, 7.31131, 13.8125, 20.0467, 0.52432, 0.21831, 0.19312, 0.19312, 0.176327, 0.208047, 0.20245, 0.191254, 0.211779, 0.223907, 0.230438, 0.271488, 0.278952, 0.315337, 0.430092, 0.813529, 2.18027, 0.0195919, 0.215511, 0.0830325, 0.122216, 0.153003, 0.147406, 0.205248, 0.172595, 0.20898, 0.216444, 0.190321, 0.203383, 0.201517, 0.25936, 0.260293, 0.323734, 0.321868, 0.403969, 0.619479, 1.25481, 2.73537, 3.8213, 5.17622, 5.84624, 5.88823, 23.7038, 19.0813, 17.4314, 1.23148, 0.916151, 0.621345, 0.503795, 0.354522, 0.352656, 0.356388, 0.334929, 0.274287, 0.241633, 0.288281, 0.252829, 0.280818, 0.336795, 0.472075, 0.575631, 0.844316, 1.08968, 1.63544, 0, 0, 0, 0, 0, 0, 0, 0, 0, 0, 0, 0, 0, 0, 0, 0, 0, 0, 0, 0, 0, 0, 0, 0, 0, 0, 0, 0, 0, 0, 0, 0, 0, 0, 0, 0, 0, 0, 0, 0, 0, 0, 0, 0, 0, 0, 0, 0, 0, 0, 0, 0, 0, 0, 0, 0, 0, 0, 0, 0, 0, 0, 0, 0, 0, 0, 0, 0, 0, 0, 0, 0, 0, 0, 0, 0, 0, 0, 0, 0.00093294, 0.00093294, 0, 0.00093294, 0, 0, 0.00279882, 0.00279882, 0.00093294, 0.00373176, 0.00186588, 0.00186588, 0.00093294, 0.00279882, 0.00093294, 0.00186588, 0.00186588, 0.00186588, 0.00279882, 0.00279882, 0.00093294, 0.00186588, 0.00186588, 0, 0.00373176, 0.00186588, 0.00279882, 0.00279882, 0.00279882, 0.00373176, 0.00186588, 0.00559764, 0.0111953, 0.0139941, 0.0177259, 0.0186588, 0.0363846, 0.0391835, 0.0447811, 0.0643728, 0.0886293, 0.102623, 0.0876963, 0.0755681, 0.106355, 0.116617, 0.119416, 0.130612, 0.10169, 0.103556, 0.0867634, 0.0960928, 0.0802328, 0.0988916, 0.140874, 0.178192, 0.235102, 0.241632, 0.300407, 0.300407, 0.352651, 0.362914, 0.529908, 0.879758, 4.54539, 29.8847, 28.0697, 12.6989, 6.56663, 3.73266, 2.40324, 1.38914, 0.970252, 0.698769, 0.523378, 0.418889, 0.442213, 0.370377, 0.344255, 0.254693, 0.230437, 0.281748, 0.292944, 0.254693, 0.222973, 0.148338, 0.0214576, 0, 0, 0, 0, 0, 0, 0)}}