{"normals":{ "x":-0.0152383,"y":-0.941708,"z":-0.336086,"d":0.742774},"area":8.87889,"volume":0,"covariance": 75211.3 -9705.02  23545.2
-9705.02  18133.3 -50369.7
 23545.2 -50369.7   140655,"fpfhs":(0, 0, 0, 0, 0, 100, 0, 0, 0, 0, 0, 0, 0, 0, 0, 0, 100, 0, 0, 0, 0, 0, 0.296452, 10.4345, 1.31451, 1.7486, 3.19551, 36.5651, 13.2051, 32.2935, 0.390139, 0.556608, 0),}