{"normals":{ "x":-0.0947917,"y":-0.154739,"z":0.983397,"d":-0.563736},"area":0.630298,"volume":0.0272101,"covariance":3137.21 94.8158  302.74
94.8158 3031.75 462.783
 302.74 462.783  244.66,}