{"normals":{ "x":-0.095019,"y":-0.162392,"z":0.982141,"d":-0.489864},"area":0.426473,"volume":0.0142408,"covariance": 2514.23 -32.8763  225.025
-32.8763  857.424  116.567
 225.025  116.567  173.787,}