{"normals":{ "x":-0.19624,"y":-0.754338,"z":0.62647,"d":-0.259581},"area":1.82279,"volume":0.111609,"covariance":4282.69 537.101 1610.24
537.101 1333.18  1190.7
1610.24  1190.7 2387.64,}