{"normals":{ "x":0.0770893,"y":-0.709197,"z":0.700783,"d":-0.308696},"area":1.62221,"volume":0.0887572,"covariance": 3985.01 -694.401 -859.989
-694.401  1521.24  997.457
-859.989  997.457  1495.81,}