{"normals":{ "x":-0.134057,"y":-0.158491,"z":0.978217,"d":-0.495418},"area":0.48034,"volume":0.0124807,"covariance": 3896.2 24.4594 531.894
24.4594 2385.94 382.868
531.894 382.868 179.493,}