{"normals":{ "x":-0.0167632,"y":-0.941708,"z":-0.336014,"d":0.742338},"area":8.89619,"volume":0,"covariance": 73979.8 -9924.17  23846.9
-9924.17  17952.6   -49809
 23846.9   -49809   138937,"fpfhs":(0, 0, 0, 0, 0, 100, 0, 0, 0, 0, 0, 0, 0, 0, 0, 0, 100, 0, 0, 0, 0, 0, 1.21038, 0, 0.561649, 7.43414, 14.6274, 39.4709, 24.8322, 10.3806, 0, 0, 1.48269),}