{"normals":{ "x":-0.421542,"y":-0.497348,"z":0.758253,"d":-0.374223},"area":1.37199,"volume":0.0778171,"covariance": 5084.2  1235.8 2568.01
 1235.8 2648.78 1536.95
2568.01 1536.95 2509.37,}