{"normals":{ "x":-0.417173,"y":-0.490188,"z":0.765299,"d":-0.376267},"area":1.33667,"volume":0.0747392,"covariance":4961.06  1111.1 2334.08
 1111.1 2623.32 1398.84
2334.08 1398.84 2216.18,}