{"normals":{ "x":-0.33338,"y":-0.894811,"z":0.296935,"d":-2.85212},"area":31.064,"volume":4.19536,"covariance": 8658.73 -3612.56 -1660.37
-3612.56  2309.56  2937.15
-1660.37  2937.15  6999.38,"fpfhs":(74.6466, 0, 0, 0, 0, 25.3534, 0, 0, 0, 0, 0, 74.6466, 0, 0, 0, 0, 25.3534, 0, 0, 0, 0, 0, 77.9652, 0, 0, 0, 0, 17.4897, 0, 0, 0, 0, 4.5451),}