{"normals":{ "x":0.708916,"y":-0.460109,"z":-0.534545,"d":0.372288},"area":16.8815,"volume":1.60147,"covariance": 25950.9  -1041.7  33755.6
 -1041.7  6667.99 -6488.23
 33755.6 -6488.23  51762.8,"fpfhs":(0, 0, 0, 0, 0, 86.6158, 13.3842, 0, 0, 0, 0, 0, 0, 0, 0, 10.2685, 80.4221, 9.3093, 0, 0, 0, 0, 0.00552588, 0.0404005, 0.0122642, 1.02251, 67.1894, 31.3933, 0.32074, 0.015855, 0, 0, 0),}