{"normals":{ "x":-0.0102927,"y":-0.93538,"z":-0.353494,"d":0.768702},"area":8.9458,"volume":0,"covariance": 43580.7 -6361.86  15859.8
-6361.86  5621.71   -14684
 15859.8   -14684  38582.8,"fpfhs":(0.415687, 0, 0, 0, 0, 98.8549, 0.0883398, 0, 0, 0, 0.641038, 0.213562, 5.58567, 20.1787, 40.9755, 18.1515, 13.7715, 0.410941, 0.71266, 0, 0, 0, 0.306171, 0.824113, 0.234614, 3.56354, 31.23, 42.4733, 14.4414, 3.72801, 1.04865, 0.460531, 1.6897),}