{"normals":{ "x":0.744573,"y":-0.407522,"z":-0.528712,"d":0.343565},"area":12.1203,"volume":1.19994,"covariance": 30949.7 -9394.84  48788.6
-9394.84  12694.5 -23076.4
 48788.6 -23076.4  87952.1,"fpfhs":(0, 0, 0, 0, 0, 82.2057, 17.7943, 0, 0, 0, 0, 0, 0, 0, 0, 3.59546, 86.8821, 9.52245, 0, 0, 0, 0, 0, 0, 0.159117, 1.6308, 66.9113, 31.0858, 0.196921, 0.0160807, 0, 0, 0),}