{"normals":{ "x":0.723019,"y":-0.405844,"z":-0.559048,"d":0.361758},"area":11.1991,"volume":1.05474,"covariance": 25300.6  -4957.6  35443.2
 -4957.6  8646.63 -12686.2
 35443.2 -12686.2  57649.4,"fpfhs":(0, 0, 0, 0, 0, 77.335, 22.665, 0, 0, 0, 0, 0, 0, 0, 0.055618, 2.57478, 84.5979, 12.7717, 0, 0, 0, 0, 0, 0, 0.0212396, 1.96627, 73.742, 24.0752, 0.190932, 0, 0, 0.00116878, 0.00315369),}