{"normals":{ "x":-0.0593004,"y":-0.911621,"z":-0.406732,"d":0.802414},"area":8.9631,"volume":0,"covariance": 35803.1 -4177.65  4036.84
-4177.65  7858.29 -16719.7
 4036.84 -16719.7  36419.3,"fpfhs":(13.9506, 0, 0, 0.161876, 0, 85.8497, 0.0377958, 0, 0, 0, 0, 13.9506, 0, 6.41687, 39.0746, 3.75016, 18.7945, 11.7434, 2.92924, 2.12166, 0.901456, 0.317512, 3.14251, 0.0234389, 0.0910887, 0.182177, 13.9636, 49.5098, 26.4062, 6.51932, 0, 0.161876, 0),}