{"normals":{ "x":0.660233,"y":0.609333,"z":0.439096,"d":-0.357848},"area":15.5181,"volume":1.72816,"covariance": 28699.4  927.309 -43745.2
 927.309  7901.37 -10780.3
-43745.2 -10780.3  82505.5,"fpfhs":(0, 0, 0, 0, 0, 100, 0, 0, 0, 0, 0, 0, 0, 0, 0, 0, 100, 0, 0, 0, 0, 0, 0, 0.600017, 0, 0.0822143, 4.82249, 93.3972, 0.707363, 0.390755, 0, 0, 0),}