{"normals":{ "x":-0.591413,"y":-0.328084,"z":0.736608,"d":-4.20033},"area":60.0563,"volume":8.40755,"covariance": 35170.3 -9650.66  23744.3
-9650.66  14063.6 -1580.97
 23744.3 -1580.97  18455.1,}