{"normals":{ "x":0.775268,"y":-0.247326,"z":-0.581196,"d":0.420737},"area":9.04148,"volume":0.835799,"covariance": 21912.3 -34.8916  27385.2
-34.8916  5911.25 -2219.75
 27385.2 -2219.75  37834.4,"fpfhs":(0, 0, 0, 0, 0, 100, 0, 0, 0, 0, 0, 0, 0, 0, 0, 0, 100, 0, 0, 0, 0, 0, 0, 0.00401953, 0, 0.0544593, 0.753008, 95.9622, 2.12651, 0.00931643, 0.90711, 0.18335, 0),}