{"normals":{ "x":0.434996,"y":-0.833194,"z":0.341419,"d":-0.158811},"area":4.90357,"volume":0.399443,"covariance": 4667.67 -867.327 -7734.21
-867.327  615.989  1870.23
-7734.21  1870.23  13823.7,"fpfhs":(0, 0, 0, 0, 0, 100, 0, 0, 0, 0, 0, 0, 0, 0, 0, 0, 100, 0, 0, 0, 0, 0, 0, 0.988603, 1.20858, 0, 11.7344, 84.9965, 1.07191, 0, 0, 0, 0),}