{"normals":{ "x":-0.585057,"y":-0.339878,"z":0.736336,"d":-4.23683},"area":57.4387,"volume":7.67306,"covariance": 28798.3 -6208.26  19846.9
-6208.26   8827.1 -986.001
 19846.9 -986.001  15267.6,}