{"normals":{ "x":-0.105162,"y":-0.939,"z":-0.327443,"d":0.820597},"area":7.76501,"volume":0,"covariance":   39852 -7327.54  8486.94
-7327.54  5297.51 -12833.9
 8486.94 -12833.9  34237.6,"fpfhs":(0.043106, 0.124843, 0.086212, 0.169257, 0.289625, 98.6193, 0.206733, 0.420025, 0, 0.0408683, 0, 0, 0, 0, 30.684, 0, 30.5993, 0, 0.999542, 0.165242, 30.8511, 6.70078, 0.0818901, 0.169411, 41.5708, 25.3655, 1.50879, 30.7211, 0.122605, 0.376765, 0, 0, 0.0830454),}