{"normals":{ "x":-0.53587,"y":0.197426,"z":0.820894,"d":-4.73874},"area":21.2053,"volume":0,"covariance":  45259 7075.93 28016.8
7075.93  4470.6 3627.46
28016.8 3627.46 17589.3,}