{"normals":{ "x":-0.342795,"y":-0.808116,"z":-0.479,"d":1.53062},"area":55.2822,"volume":7.50283,"covariance": 48115.9 -9402.48   -17935
-9402.48  18959.7 -24759.5
  -17935 -24759.5  54425.5,"fpfhs":(5.81427, 0, 0, 0, 19.217, 61.3636, 13.6052, 0, 0, 0, 0, 5.81427, 0.441638, 0, 16.5124, 8.61033, 27.3696, 37.9265, 3.32523, 0, 0, 0, 2.48904, 1.62917, 0, 20.8155, 24.1565, 9.73441, 13.2295, 15.789, 9.67742, 2.47953, 0),}