{"normals":{ "x":0.267369,"y":-0.864446,"z":-0.42573,"d":1.64204},"area":39.6662,"volume":5.43568,"covariance": 34388.3  12649.3 -4672.52
 12649.3  11029.3 -13885.7
-4672.52 -13885.7  24885.3,"fpfhs":(0, 0, 0.0493633, 0.0474954, 0.117321, 51.2308, 39.2354, 8.88813, 0.402561, 0, 0.028969, 0.205496, 0.127101, 5.08983, 9.9518, 25.5729, 15.8854, 14.2856, 8.57773, 10.9439, 7.19013, 2.17016, 0.160427, 7.2985, 17.3991, 22.7387, 38.6634, 4.82941, 5.43639, 0.538483, 0.126762, 0.709933, 2.09892),}