{"normals":{ "x":-0.557113,"y":0.559525,"z":0.613642,"d":-3.41384},"area":26.5863,"volume":3.50767,"covariance": 6221.34   2947.8  2889.21
  2947.8   7816.1 -4457.93
 2889.21 -4457.93  6892.79,"fpfhs":(38.7045, 0, 0, 0, 0, 61.2956, 0, 0, 0, 0, 0, 38.7045, 0, 0, 0, 0, 61.2956, 0, 0, 0, 0, 0, 28.874, 9.83045, 0, 0, 0, 61.2956, 0, 0, 0, 0, 0),}