{"normals":{ "x":-0.061635,"y":-0.525536,"z":0.848536,"d":-0.512868},"area":1.33535,"volume":0.0970254,"covariance":7969.37 2185.93 2219.53
2185.93 5550.04 2182.38
2219.53 2182.38 2780.07,}