{"normals":{ "x":-0.604307,"y":-0.343494,"z":0.718906,"d":-4.12286},"area":42.6025,"volume":5.78003,"covariance": 28536.1   -10647  18794.6
  -10647  14137.5 -2407.88
 18794.6 -2407.88  14778.3,}