{"normals":{ "x":0.188557,"y":-0.17698,"z":0.965983,"d":-4.69288},"area":24.8687,"volume":3.31841,"covariance":37783.6 7087.23 -5796.5
7087.23 9945.27 414.246
-5796.5 414.246 1294.92,"fpfhs":(10.7314, 0, 0, 0, 0, 75.0005, 7.27351, 6.99456, 0, 0, 0, 33.5075, 0, 0, 0, 0, 50.432, 6.99456, 1.79243, 0, 0, 7.27351, 5.3773, 0, 0, 0, 6.99456, 71.4156, 0, 0, 0, 0, 16.2125),}