{"normals":{ "x":0.173333,"y":-0.666461,"z":0.72511,"d":-0.356971},"area":1.17526,"volume":0.0806156,"covariance": 5887.55 -700.575 -1207.99
-700.575  3832.03   2570.7
-1207.99   2570.7  3227.52,}