{"normals":{ "x":-0.100658,"y":-0.956491,"z":0.273849,"d":0.0835553},"area":0.221758,"volume":0.00422321,"covariance": 546.169 -26.4505  55.6968
-26.4505   18.743  12.4821
 55.6968  12.4821  58.6032,}