{"normals":{ "x":-0.604474,"y":-0.329965,"z":0.725075,"d":-4.17101},"area":58.5922,"volume":8.21619,"covariance": 31978.5  -9598.6    22208
 -9598.6  14101.9 -1744.05
   22208 -1744.05  17884.3,}