{"normals":{ "x":0.18278,"y":-0.672105,"z":0.717542,"d":-0.351652},"area":1.17414,"volume":0.0792472,"covariance": 5864.86 -652.601  -1243.2
-652.601  3693.53  2549.65
 -1243.2  2549.65  3257.49,}