{"normals":{ "x":-0.593365,"y":-0.339458,"z":0.729854,"d":-4.15272},"area":56.8848,"volume":7.53134,"covariance": 28830.2 -10622.2  18397.1
-10622.2  14214.4 -2259.55
 18397.1 -2259.55    14023,}