{"normals":{ "x":-0.131117,"y":-0.990486,"z":-0.0417752,"d":0.298682},"area":0.366134,"volume":0.0108838,"covariance": 1133.89 -51.1482  122.152
-51.1482  42.7275  13.6279
 122.152  13.6279  107.027,}