{"normals":{ "x":-0.614253,"y":-0.332918,"z":0.715444,"d":-4.14739},"area":56.6822,"volume":7.89592,"covariance": 37152.2 -9474.36  27357.9
-9474.36  14163.1 -1713.77
 27357.9 -1713.77  22807.3,}