{"normals":{ "x":-0.514235,"y":0.331053,"z":0.79118,"d":-4.45445},"area":20.4163,"volume":0,"covariance":58221.7 10039.2   33895
10039.2 6766.34 3784.94
  33895 3784.94 20674.5,}