{"normals":{ "x":-0.592941,"y":-0.324609,"z":0.736919,"d":-4.2008},"area":58.4101,"volume":8.07661,"covariance": 32476.1 -9884.95  21666.4
-9884.95  14217.1 -1831.23
 21666.4 -1831.23  16765.6,}