{"normals":{ "x":-0.513105,"y":0.329507,"z":0.792558,"d":-4.46233},"area":20.665,"volume":0,"covariance":62893.1 11112.2   36212
11112.2 7321.27 4246.34
  36212 4246.34 21814.4,}