{"normals":{ "x":0.186463,"y":-0.675019,"z":0.713849,"d":-0.35071},"area":1.18201,"volume":0.0802176,"covariance": 6039.36 -700.711 -1347.23
-700.711  3820.96  2687.19
-1347.23  2687.19  3425.99,}