{"normals":{ "x":-0.619332,"y":-0.339927,"z":0.707727,"d":-4.07784},"area":41.5062,"volume":5.60355,"covariance": 32830.3 -10532.4  23551.7
-10532.4  13764.1 -2710.29
 23551.7 -2710.29    19475,}