{"normals":{ "x":-0.286508,"y":0.540408,"z":0.79112,"d":-2.72868},"area":23.6982,"volume":3.01636,"covariance": 18766.1 -198.283  6423.66
-198.283  16124.3 -11298.1
 6423.66 -11298.1  10263.3,"fpfhs":(1.32373, 0.417007, 8.8973, 0, 0.636532, 58.5918, 18.7073, 9.07906, 0, 0.196586, 2.1507, 9.1672, 0.608279, 0.619989, 0.428717, 7.77511, 18.7401, 5.00738, 0.346335, 0.344775, 0.25663, 56.7055, 0.173168, 0.25867, 0.900933, 40.0738, 22.7716, 3.71934, 15.4512, 4.07039, 9.98515, 1.22279, 1.373),}