{"normals":{ "x":0.186252,"y":-0.671383,"z":0.717325,"d":-0.354244},"area":1.20284,"volume":0.0827689,"covariance": 6252.06 -925.124 -1462.07
-925.124   4135.7  2825.74
-1462.07  2825.74   3518.5,}