{"normals":{ "x":-0.60409,"y":-0.329941,"z":0.725407,"d":-4.17066},"area":57.6865,"volume":7.18202,"covariance": 30148.9 -10444.5  20264.6
-10444.5  13932.1 -2509.48
 20264.6 -2509.48  15880.6,}