{"normals":{ "x":-0.52041,"y":0.259559,"z":0.813513,"d":-4.56968},"area":20.4464,"volume":0,"covariance":59911.1 9631.15 35447.9
9631.15 6840.71 4077.08
35447.9 4077.08 21577.7,}