{"normals":{ "x":0.189636,"y":-0.675533,"z":0.712526,"d":-0.350829},"area":1.20432,"volume":0.0829257,"covariance": 6306.41 -956.673 -1478.53
-956.673  4145.84   2838.2
-1478.53   2838.2  3547.95,}