{"normals":{ "x":-0.614066,"y":-0.333097,"z":0.71552,"d":-4.14551},"area":41.8076,"volume":5.67519,"covariance": 30087.8 -10296.9  20883.6
-10296.9  13786.4 -2584.41
 20883.6 -2584.41  16825.7,}