{"normals":{ "x":-0.604294,"y":-0.342869,"z":0.719215,"d":-4.12361},"area":46.7438,"volume":6.22672,"covariance": 33414.5 -10535.5    22985
-10535.5  13784.2 -2504.62
   22985 -2504.62  18269.1,}