{"normals":{ "x":-0.613522,"y":-0.332231,"z":0.716389,"d":-4.14742},"area":43.5865,"volume":5.88938,"covariance": 34255.1 -10613.8  24207.1
-10613.8  14081.8 -2720.56
 24207.1 -2720.56  19532.9,}