{"normals":{ "x":0.186418,"y":-0.671712,"z":0.716974,"d":-0.353944},"area":1.2002,"volume":0.0823872,"covariance":  6323.2 -1033.31 -1529.83
-1033.31  4232.76  2867.41
-1529.83  2867.41  3548.59,}