{"normals":{ "x":0.193843,"y":-0.67288,"z":0.713903,"d":-0.352735},"area":1.2069,"volume":0.0828618,"covariance": 6300.28 -974.806 -1532.38
-974.806  4160.46  2837.71
-1532.38  2837.71   3548.8,}