{"normals":{ "x":0.192029,"y":-0.673582,"z":0.713732,"d":-0.35224},"area":1.2086,"volume":0.0831011,"covariance": 6311.53 -1011.42 -1533.98
-1011.42  4209.68  2863.53
-1533.98  2863.53  3554.76,}