{"normals":{ "x":0.211238,"y":-0.682653,"z":0.699545,"d":-0.342868},"area":1.19119,"volume":0.0805814,"covariance": 6139.24 -756.193  -1502.7
-756.193   3800.1     2722
 -1502.7     2722     3554,}