{"normals":{ "x":-0.338185,"y":-0.814377,"z":-0.471615,"d":1.47324},"area":47.2217,"volume":6.57844,"covariance": 45081.3 -8814.84 -16680.1
-8814.84  16228.9 -21299.2
-16680.1 -21299.2    48514,"fpfhs":(0, 0, 0.00973057, 0.365356, 18.124, 79.25, 2.03186, 0.198077, 0.011259, 0, 0.00973057, 15.5042, 1.11851, 0.28132, 0.530391, 0.948811, 46.6505, 0.214481, 0.138725, 17.6536, 16.5019, 0.457517, 1.44181, 1.34272, 0.237559, 0.258549, 0.0194611, 46.4114, 0.00973057, 0.0629687, 0.299252, 3.16914, 46.7474),}