{"normals":{ "x":0.219964,"y":-0.684222,"z":0.69531,"d":-0.340864},"area":1.20114,"volume":0.0820711,"covariance": 6244.64 -755.244 -1554.83
-755.244  3817.99  2742.06
-1554.83  2742.06  3614.81,}