{"normals":{ "x":0.208204,"y":-0.682896,"z":0.700218,"d":-0.34338},"area":1.18761,"volume":0.0804568,"covariance": 6201.63 -769.472 -1516.72
-769.472   3830.1  2750.42
-1516.72  2750.42  3589.17,}