{"normals":{ "x":-0.308523,"y":-0.70282,"z":-0.640982,"d":3.96467},"area":37.8354,"volume":5.00927,"covariance": 26164.7 -8179.03 -3449.24
-8179.03  3944.18 -378.324
-3449.24 -378.324  2109.02,"fpfhs":(27.6316, 0, 0, 0, 0, 72.3684, 0, 0, 0, 0, 0, 27.6316, 0, 0, 0, 0, 72.3684, 0, 0, 0, 0, 0, 3.50881, 0, 0, 0, 0, 96.4912, 0, 0, 0, 0, 0),}