{"normals":{ "x":0.217599,"y":-0.683116,"z":0.697139,"d":-0.342386},"area":1.19394,"volume":0.0810606,"covariance":  6206.6 -775.389 -1555.89
-775.389  3828.52  2747.55
-1555.89  2747.55  3594.49,}