{"normals":{ "x":0.255998,"y":-0.62127,"z":0.7406,"d":-0.389038},"area":1.24641,"volume":0.0871755,"covariance": 6469.51 -767.944 -1655.76
-767.944  4481.58  2917.44
-1655.76  2917.44  3742.43,}