{"normals":{ "x":0.226651,"y":-0.968496,"z":0.103175,"d":-0.1438},"area":40.3154,"volume":5.3052,"covariance": 23454.5   3230.7 -20114.9
  3230.7  1220.66  1922.64
-20114.9  1922.64  60397.4,"fpfhs":(0, 0, 0, 0, 0.00575116, 49.3067, 48.5846, 2.10298, 0, 0, 0, 0, 0, 0.171925, 9.47322, 25.235, 31.9612, 23.9015, 9.24935, 0.00780294, 0, 0, 0.166497, 0.292359, 6.68235, 34.7877, 42.8221, 10.0552, 4.70767, 0.398435, 0.0790355, 0.00867936, 0),}