{"normals":{ "x":0.114317,"y":-0.991591,"z":-0.0606502,"d":0.316816},"area":77.8373,"volume":11.0853,"covariance":39736.8 6344.11  -28699
6344.11 2314.55  -16589
 -28699  -16589  220159,"fpfhs":(0, 0, 0, 0, 0.0445958, 99.4668, 0.488624, 0, 0, 0, 0, 0, 0, 0.0167465, 8.15299, 20.0582, 45.8121, 17.3382, 8.28729, 0.334552, 0, 0, 1.72706, 1.08429, 3.34888, 7.68318, 20.6705, 15.6097, 33.2326, 11.0039, 2.22718, 2.08566, 1.32711),}