{"normals":{ "x":-0.289214,"y":-0.713213,"z":-0.6385,"d":3.91073},"area":45.3436,"volume":6.04841,"covariance": 33085.7 -9080.65  -4433.1
-9080.65  4587.09 -1014.62
 -4433.1 -1014.62   3116.8,"fpfhs":(0, 0, 0, 0, 0, 100, 0, 0, 0, 0, 0, 0, 0, 0, 0, 0, 100, 0, 0, 0, 0, 0, 1.0442, 0, 0, 0, 0, 97.3745, 0, 0, 0, 0, 1.58133),}