{"normals":{ "x":0.31779,"y":-0.883263,"z":0.344755,"d":-0.532594},"area":6.06138,"volume":0.50656,"covariance": 1267.65 -296.863 -1944.21
-296.863  164.028  615.385
-1944.21  615.385   3511.4,}