{"normals":{ "x":-0.483082,"y":-0.453646,"z":0.748891,"d":-0.835144},"area":6.43985,"volume":0.45072,"covariance":20090.3 7072.09 17148.3
7072.09 8809.07 9808.42
17148.3 9808.42 17145.1,}