{"normals":{ "x":0.572943,"y":-0.819093,"z":0.02868,"d":0.992115},"area":1.86383,"volume":0,"covariance": 15922.3  10940.5 -1316.73
 10940.5  7657.77  1691.42
-1316.73  1691.42  79028.8,}