{"normals":{ "x":-0.165906,"y":-0.967111,"z":-0.192802,"d":0.325488},"area":44.1789,"volume":5.70794,"covariance": 33214.9 -654.796   -25490
-654.796  8105.62 -36607.8
  -25490 -36607.8   202770,}