{"normals":{ "x":0.442729,"y":-0.752421,"z":-0.487702,"d":2.24069},"area":73.1497,"volume":10.1023,"covariance": 47376.3  238.363  42834.4
 238.363  8274.86 -11915.7
 42834.4 -11915.7  56905.8,}