{"normals":{ "x":-0.132761,"y":-0.842112,"z":-0.522706,"d":1.47718},"area":21.4707,"volume":2.75214,"covariance":   13851 -4402.22  3689.42
-4402.22  9688.73   -13890
 3689.42   -13890  21065.6,}