{"normals":{ "x":0.444279,"y":-0.750474,"z":-0.48929,"d":2.23417},"area":70.657,"volume":9.88489,"covariance": 53500.2  1341.91  46821.4
 1341.91  8976.51 -11771.3
 46821.4 -11771.3  60230.5,}