{"normals":{ "x":-0.165025,"y":-0.967141,"z":-0.193405,"d":0.325771},"area":44.8389,"volume":5.80539,"covariance": 33091.2 -437.476 -26152.8
-437.476  7964.49 -36080.4
-26152.8 -36080.4   200256,}