{"normals":{ "x":-0.122461,"y":-0.841703,"z":-0.525869,"d":1.49005},"area":20.8113,"volume":2.68203,"covariance": 13594.1 -4189.86   3658.2
-4189.86  9549.81 -13684.5
  3658.2 -13684.5    20647,}