{"normals":{ "x":-0.651617,"y":-0.214385,"z":0.727623,"d":-4.47708},"area":36.2571,"volume":4.88375,"covariance": 23138.3 -7674.92  18477.6
-7674.92  10870.8 -3772.43
 18477.6 -3772.43  15588.3,}