{"normals":{ "x":-0.165346,"y":-0.967199,"z":-0.19284,"d":0.325461},"area":45.8221,"volume":6.02488,"covariance": 32840.3 -605.935 -25212.4
-605.935  8040.46 -36360.6
-25212.4 -36360.6   201190,}