{"normals":{ "x":-0.121755,"y":-0.839856,"z":-0.528979,"d":1.50912},"area":21.0983,"volume":2.6689,"covariance":13694.1 -4250.4 3699.73
-4250.4 9739.67  -13932
3699.73  -13932 20985.4,}