{"normals":{ "x":-0.575585,"y":0.155739,"z":0.802775,"d":-3.67095},"area":49.1686,"volume":6.5525,"covariance": 34789.8 -3156.49  25719.5
-3156.49  9267.12 -4056.02
 25719.5 -4056.02    19542,}