{"normals":{ "x":-0.651471,"y":-0.21078,"z":0.728805,"d":-4.48133},"area":36.4338,"volume":4.87227,"covariance": 26432.5 -8208.77  21265.8
-8208.77  11228.4 -4216.07
 21265.8 -4216.07  17928.3,}