{"normals":{ "x":-0.00468221,"y":-0.942035,"z":-0.335483,"d":0.745644},"area":7.38468,"volume":0,"covariance": 74174.5 -7977.41  21363.6
-7977.41  17145.4 -48184.1
 21363.6 -48184.1   136040,"fpfhs":(0, 0, 0, 0, 0, 100, 0, 0, 0, 0, 0, 0, 0, 0, 0, 0, 100, 0, 0, 0, 0, 0, 0, 0, 0, 0, 20.3915, 71.9133, 7.69525, 0, 0, 0, 0),}