{"normals":{ "x":-0.165569,"y":-0.967219,"z":-0.192549,"d":0.325378},"area":46.1584,"volume":6.22793,"covariance": 32836.7 -572.324 -25558.9
-572.324  8001.21 -36286.2
-25558.9 -36286.2   201823,}