{"normals":{ "x":-0.121664,"y":-0.841478,"z":-0.526415,"d":1.49434},"area":21.4803,"volume":2.73181,"covariance": 13833.2 -4292.47  3780.64
-4292.47   9488.1 -13572.8
 3780.64 -13572.8  20457.3,}