{"normals":{ "x":0.445914,"y":-0.741866,"z":-0.500795,"d":2.2962},"area":72.0986,"volume":10.1797,"covariance": 59581.2  4335.07  46703.6
 4335.07  11861.6 -13080.4
 46703.6 -13080.4  60801.9,}