{"normals":{ "x":0.467741,"y":-0.725735,"z":-0.504507,"d":2.32026},"area":72.1626,"volume":10.1991,"covariance": 60531.5  6122.64  47237.1
 6122.64  13094.4 -12577.8
 47237.1 -12577.8  61714.1,}