{"normals":{ "x":-0.674885,"y":-0.710366,"z":-0.199776,"d":0.162909},"area":19.2379,"volume":2.2833,"covariance": 18862.4 -9269.49 -28875.2
-9269.49  8266.32  7266.46
-28875.2  7266.46  72684.7,}