{"normals":{ "x":-0.660788,"y":-0.750419,"z":-0.0151899,"d":-0.922048},"area":10.1104,"volume":1.12662,"covariance": 2412.63 -2060.62 -538.238
-2060.62  1853.75  224.007
-538.238  224.007  4073.16,}