{"normals":{ "x":0.0926527,"y":-0.896306,"z":-0.433649,"d":0.87978},"area":2.6093,"volume":0,"covariance": 19303.6  7397.16 -11408.9
 7397.16  4854.07  -8601.3
-11408.9  -8601.3  15702.8,}