{"normals":{ "x":-0.57295,"y":-0.365207,"z":0.733725,"d":-0.41753},"area":1.81742,"volume":0.133666,"covariance":6919.83 2353.83 4962.96
2353.83 4864.88 3738.62
4962.96 3738.62 6052.46,}