{"normals":{ "x":-0.0134679,"y":-0.311148,"z":0.950266,"d":-0.55498},"area":0.659429,"volume":0.0300933,"covariance": 3550.55 -285.661  414.905
-285.661   3454.5  563.491
 414.905  563.491  419.649,}