{"normals":{ "x":-0.194351,"y":-0.12827,"z":0.972509,"d":-0.598849},"area":0.664125,"volume":0.0302575,"covariance":3099.54 41.5195 592.863
41.5195 2982.18 381.011
592.863 381.011 335.316,}