{"normals":{ "x":0.0695763,"y":-0.894658,"z":-0.441301,"d":0.935504},"area":9.27945,"volume":0,"covariance": 48602.3 -15855.3  39804.3
-15855.3    19442 -41882.7
 39804.3 -41882.7    91150,}