{"normals":{ "x":-0.00480263,"y":-0.942208,"z":-0.334995,"d":0.74951},"area":8.12054,"volume":0,"covariance": 74886.6 -8535.89  21972.6
-8535.89  17119.9 -48432.4
 21972.6 -48432.4   137727,"fpfhs":(0, 0, 0, 0, 0, 100, 0, 0, 0, 0, 0, 0, 0, 0, 0, 0, 100, 0, 0, 0, 0, 0, 0, 0, 21.5795, 0, 21.5795, 53.4205, 3.42054, 0, 0, 0, 0),}