{"normals":{ "x":-0.424257,"y":-0.479277,"z":0.768309,"d":-0.4611},"area":1.62393,"volume":0.107556,"covariance":4810.32 1484.97 2994.46
1484.97 3269.47 2201.46
2994.46 2201.46 3224.61,}