{"normals":{ "x":0.0798578,"y":-0.925417,"z":-0.370441,"d":0.943489},"area":11.4834,"volume":0,"covariance": 59359.8 -11235.5  41176.8
-11235.5  15204.2 -40512.2
 41176.8 -40512.2   110504,}