{"normals":{ "x":0.000319492,"y":-0.755657,"z":-0.654967,"d":0.488532},"area":0.986849,"volume":0.0610743,"covariance": 1575.43 -225.597  152.276
-225.597  2107.12 -1796.61
 152.276 -1796.61     2231,"fpfhs":(0, 0, 0, 0, 0, 48.9402, 50.9682, 0.0916123, 0, 0, 0, 0, 0, 0.0744444, 2.84088, 23.6287, 44.7601, 24.8638, 3.79466, 0.0373604, 0, 0, 0, 0.553547, 3.88584, 38.366, 47.2854, 9.41267, 0.489204, 0.00731983, 0, 0, 0),}