{"normals":{ "x":0.728112,"y":0.345279,"z":0.592145,"d":-0.506272},"area":10.0854,"volume":1.05661,"covariance": 29096.4  5358.75 -37912.9
 5358.75  10921.6 -12857.1
-37912.9 -12857.1  55751.9,}