{"normals":{ "x":-0.602534,"y":-0.716987,"z":-0.350545,"d":0.169689},"area":10.0499,"volume":1.07096,"covariance": 4546.11  1019.39 -10017.3
 1019.39  3691.33 -8865.06
-10017.3 -8865.06  35904.4,}