{"normals":{ "x":0.679511,"y":0.438625,"z":0.58811,"d":-0.531555},"area":10.599,"volume":1.1451,"covariance": 32149.5  5779.32 -41395.5
 5779.32  11843.2 -14643.6
-41395.5 -14643.6  60920.2,}