{"normals":{ "x":-0.629489,"y":-0.69529,"z":-0.346863,"d":0.164201},"area":10.3593,"volume":1.0379,"covariance": 4872.92  923.575 -10886.4
 923.575  2644.28 -6596.84
-10886.4 -6596.84  33817.4,}