{"normals":{ "x":0.711997,"y":0.409531,"z":0.57039,"d":-0.501666},"area":12.3874,"volume":1.42253,"covariance":   42975  9545.35 -61061.4
 9545.35  13919.6 -21300.2
-61061.4 -21300.2  94904.5,}