{"normals":{ "x":0.727076,"y":0.391407,"z":0.564058,"d":-0.483887},"area":12.7123,"volume":1.4576,"covariance": 44568.5   8800.8 -63976.8
  8800.8    13994 -20249.9
-63976.8 -20249.9  99828.8,}