{"normals":{ "x":-0.635113,"y":-0.69962,"z":-0.327358,"d":0.133975},"area":10.689,"volume":1.10895,"covariance": 4356.81  429.616 -9635.03
 429.616  3183.66 -7290.07
-9635.03 -7290.07  35369.2,}