{"normals":{ "x":-0.0998517,"y":-0.160693,"z":0.981941,"d":-0.56741},"area":0.62444,"volume":0.0266425,"covariance":3148.64 48.7642 314.363
48.7642 2917.97 460.815
314.363 460.815 230.043,}