{"normals":{ "x":-0.0194493,"y":-0.88879,"z":-0.457902,"d":0.930353},"area":5.97556,"volume":0,"covariance": 11079.9  4429.65 -9014.65
 4429.65  5376.05 -10804.3
-9014.65 -10804.3  21788.3,}