{"normals":{ "x":0.164712,"y":0.289251,"z":0.942976,"d":-4.54222},"area":25.6234,"volume":3.38798,"covariance":   92232  9328.68 -19799.5
 9328.68  15521.7 -5494.24
-19799.5 -5494.24  5319.54,"fpfhs":(0, 0, 0, 0, 0, 100, 0, 0, 0, 0, 0, 0, 0, 0, 0, 30.314, 69.686, 0, 0, 0, 0, 0, 0, 0, 0, 0, 0, 100, 0, 0, 0, 0, 0),}