{"normals":{ "x":-0.0168737,"y":-0.993703,"z":-0.110764,"d":0.270821},"area":68.4342,"volume":9.45074,"covariance": 60280.5 -5092.18  35832.6
-5092.18  4668.91 -37369.6
 35832.6 -37369.6   329408,}