{"normals":{ "x":0.0378437,"y":-0.996476,"z":-0.0748625,"d":0.16739},"area":58.875,"volume":7.98952,"covariance": 40961.7   2169.4   -10404
  2169.4  1939.55 -17881.3
  -10404 -17881.3   229497,}