{"normals":{ "x":-0.0230712,"y":-0.886232,"z":-0.462667,"d":0.931293},"area":1.9265,"volume":0,"covariance": 9669.97  5067.62 -10363.6
 5067.62  4459.83  -8980.7
-10363.6  -8980.7  18159.4,}