{"normals":{ "x":-0.399438,"y":0.184236,"z":0.898057,"d":-4.15983},"area":26.7768,"volume":3.47572,"covariance":   17494 -2947.24  8175.03
-2947.24  6813.18 -2627.67
 8175.03 -2627.67  4278.01,}