{"normals":{ "x":0.00051137,"y":-0.764593,"z":-0.644513,"d":0.476002},"area":0.983211,"volume":0.0610501,"covariance": 1559.05 -199.869  128.302
-199.869  2049.25 -1762.54
 128.302 -1762.54   2205.3,"fpfhs":(0, 0, 0, 0, 0.00485217, 41.9357, 56.9625, 1.09692, 0, 0, 0, 0, 0, 0.210203, 4.8314, 26.6473, 41.0969, 21.8759, 5.14907, 0.189282, 0, 0, 0, 0.154263, 10.6491, 39.8312, 41.4008, 7.61497, 0.310214, 0.00772609, 0, 0.0195666, 0.0121304),}