{"normals":{ "x":-0.0988869,"y":-0.174315,"z":0.979712,"d":-0.482492},"area":0.557775,"volume":0.0194013,"covariance": 4385.24 -11.2803  431.822
-11.2803  3103.81  535.292
 431.822  535.292  228.897,}