{"normals":{ "x":-0.445023,"y":-0.779203,"z":0.441357,"d":-2.71306},"area":47.5307,"volume":6.45962,"covariance": 43158.4 -9926.14  25504.2
-9926.14  3679.51 -3562.19
 25504.2 -3562.19  19208.4,}