{"normals":{ "x":-0.187962,"y":-0.763417,"z":0.617952,"d":-0.252187},"area":1.7797,"volume":0.10486,"covariance":4220.05 432.812 1422.17
432.812 1264.01 1135.11
1422.17 1135.11 2343.15,}