{"normals":{ "x":0.0712208,"y":-0.736677,"z":0.672484,"d":-0.288755},"area":1.66892,"volume":0.0946024,"covariance": 4101.32 -683.093 -912.042
-683.093     1458  1083.26
-912.042  1083.26  1739.17,}