{"normals":{ "x":-0.369407,"y":-0.466616,"z":0.803622,"d":-0.386281},"area":1.14481,"volume":0.0579145,"covariance":4181.35 425.716 1064.05
425.716 2235.62 587.887
1064.05 587.887 760.373,}