{"normals":{ "x":-0.424179,"y":-0.521929,"z":0.740042,"d":-0.365826},"area":1.45725,"volume":0.085215,"covariance":5339.81 1462.06 3039.63
1462.06 2661.63 1807.41
3039.63 1807.41 3136.97,}