{"normals":{ "x":-0.421546,"y":0.303763,"z":0.854416,"d":-3.87086},"area":40.1527,"volume":5.58032,"covariance": 23291.3 -116.587  11317.4
-116.587  10657.9 -3836.42
 11317.4 -3836.42  7048.95,}