{"normals":{ "x":0.0344772,"y":-0.97297,"z":-0.228345,"d":1.34141},"area":67.3531,"volume":8.73224,"covariance": 28755.4  4035.64 -12881.9
 4035.64  2551.87 -9531.67
-12881.9 -9531.67  38467.8,"fpfhs":(0, 0, 0, 0, 0, 47.4962, 0, 0, 0, 0, 52.5038, 0, 0, 0, 0, 0, 100, 0, 0, 0, 0, 0, 0, 0, 0, 0, 0, 100, 0, 0, 0, 0, 0),}