{"normals":{ "x":0.0381501,"y":-0.996467,"z":-0.0748189,"d":0.165936},"area":59.8684,"volume":8.10451,"covariance": 41173.6  2182.32   -10257
 2182.32  1996.63 -18075.4
  -10257 -18075.4   232304,}