{"normals":{ "x":-0.428903,"y":-0.511095,"z":0.744865,"d":-0.369334},"area":1.45088,"volume":0.0844606,"covariance":5307.17 1438.86 2981.95
1438.86 2689.96 1774.08
2981.95 1774.08 3042.93,}