{"normals":{ "x":-0.0606797,"y":-0.784525,"z":-0.617121,"d":0.447462},"area":0.978565,"volume":0.0606448,"covariance": 1550.05 -229.655  118.916
-229.655  2016.95 -1744.55
 118.916 -1744.55  2209.59,"fpfhs":(0, 0, 0, 0, 0, 44.3877, 54.4072, 1.20501, 0, 0, 0, 0, 0, 0.137881, 4.14337, 26.431, 40.0318, 21.5999, 7.47942, 0.176715, 0, 0, 0, 0.607248, 12.0393, 39.1797, 40.3595, 7.56338, 0.233111, 0.00231766, 0.0155004, 0, 0),}