{"normals":{ "x":-0.05033,"y":0.143823,"z":0.988323,"d":-4.64628},"area":18.5109,"volume":2.3839,"covariance":   33516 -4716.77  3217.45
-4716.77  15646.2 -2133.36
 3217.45 -2133.36  689.805,}