{"normals":{ "x":-0.426615,"y":-0.50232,"z":0.752113,"d":-0.371262},"area":1.39934,"volume":0.0796957,"covariance":5156.59  1319.3 2744.52
 1319.3 2638.86 1623.52
2744.52 1623.52 2736.72,}