{"normals":{ "x":0.79381,"y":0.557085,"z":0.243969,"d":-0.210793},"area":22.0095,"volume":2.88325,"covariance": 6720.48 -9607.19  729.053
-9607.19  17436.8 -8482.15
 729.053 -8482.15  16950.2,}