{"normals":{ "x":0.107014,"y":-0.990587,"z":-0.0853582,"d":0.317469},"area":53.5299,"volume":7.36721,"covariance": 35040.3  4438.68 -9047.22
 4438.68  2332.14 -16349.5
-9047.22 -16349.5   180357,}