{"normals":{ "x":-0.592381,"y":-0.342764,"z":0.729107,"d":-4.14804},"area":60.3698,"volume":8.40742,"covariance": 31764.3 -10251.1  20815.7
-10251.1  14325.1 -1757.78
 20815.7 -1757.78  16184.2,}