{"normals":{ "x":0.90995,"y":0.412835,"z":-0.0394673,"d":1.7003},"area":12.4343,"volume":1.41611,"covariance": 1506.31 -2977.72  800.775
-2977.72  6254.83 -1558.21
 800.775 -1558.21  2099.01,}