{"normals":{ "x":0.653448,"y":0.630818,"z":0.418419,"d":-0.328459},"area":2.968,"volume":0.183063,"covariance": 8917.65 -635.753 -11970.7
-635.753  938.743  205.517
-11970.7  205.517  17534.8,}