{"normals":{ "x":-0.602192,"y":-0.330655,"z":0.726658,"d":-4.17493},"area":47.6993,"volume":6.34619,"covariance": 30008.6 -10376.5  19953.8
-10376.5  13981.1 -2351.78
 19953.8 -2351.78  15555.9,}