{"normals":{ "x":-0.0682735,"y":-0.908919,"z":-0.411345,"d":0.806717},"area":8.3132,"volume":0,"covariance":   25025 -1393.57 -1140.57
-1393.57  5927.64 -12784.6
-1140.57 -12784.6  28445.2,"fpfhs":(10.5702, 0, 0, 0, 5.6926, 74.4052, 0, 0, 0, 0, 9.33204, 22.224, 3.78746, 0, 0, 0, 6.80426, 9.7794, 4.7566, 20.2483, 5.10865, 27.2913, 0, 0, 0, 1.14743, 11.6817, 40.8733, 42.2632, 1.19658, 0.267843, 2.57001, 0),}