{"normals":{ "x":0.100699,"y":-0.99112,"z":-0.0868393,"d":0.318739},"area":54.3126,"volume":7.50221,"covariance": 34673.8  4202.68 -9036.99
 4202.68  2317.31 -16497.5
-9036.99 -16497.5   179529,}