{"normals":{ "x":-0.600391,"y":-0.32946,"z":0.728688,"d":-4.18291},"area":46.2043,"volume":6.2175,"covariance": 32276.8 -10688.9  21438.6
-10688.9  14179.6 -2507.98
 21438.6 -2507.98  16511.9,}