{"normals":{ "x":0.107079,"y":-0.990573,"z":-0.0854373,"d":0.317439},"area":53.7604,"volume":7.42412,"covariance":   34546  4436.07 -9612.24
 4436.07  2332.47   -16313
-9612.24   -16313   178885,}