{"normals":{ "x":0.0981338,"y":-0.922087,"z":-0.374334,"d":0.807706},"area":5.40639,"volume":0,"covariance": 25724.5 -2790.68  13206.7
-2790.68  6184.69 -15907.1
 13206.7 -15907.1  42623.7,"fpfhs":(0, 0, 0, 0, 0, 100, 0, 0, 0, 0, 0, 0, 0, 0, 0, 4.5911, 67.1627, 27.698, 0.548199, 0, 0, 0, 0.220937, 1.01852, 1.74781, 5.60546, 26.9772, 32.4774, 22.2355, 7.71795, 0.911309, 0.257838, 0.83009),}