{"normals":{ "x":-0.603872,"y":-0.32866,"z":0.726169,"d":-4.17588},"area":58.1842,"volume":7.43586,"covariance": 29650.8 -10179.2  19933.9
-10179.2  13957.1 -2328.83
 19933.9 -2328.83    15642,}