{"normals":{ "x":0.164201,"y":-0.945714,"z":0.280471,"d":-0.152583},"area":29.1628,"volume":3.07256,"covariance":16579.3 4850.62 6920.14
4850.62 1688.67 2818.02
6920.14 2818.02 5874.38,}