{"normals":{ "x":0.10811,"y":-0.990517,"z":-0.0847869,"d":0.317041},"area":54.0208,"volume":7.45749,"covariance": 36703.6  4283.48 -4276.92
 4283.48  2327.61 -16541.3
-4276.92 -16541.3   191026,}