{"normals":{ "x":0.612691,"y":-0.564254,"z":-0.553379,"d":0.420443},"area":8.44544,"volume":0.79436,"covariance": 29056.6 -3763.19  35254.6
-3763.19  8814.67 -11028.3
 35254.6 -11028.3  51476.5,"fpfhs":(0, 0, 0, 0, 0, 99.9951, 0.00492729, 0, 0, 0, 0, 0, 0, 0, 0, 0, 99.9679, 0.0321189, 0, 0, 0, 0, 0, 0, 0.0101313, 1.02051, 5.99167, 92.5706, 0.400842, 0.00306047, 0.00321762, 0, 0),}