{"normals":{ "x":0.105755,"y":-0.990679,"z":-0.0858509,"d":0.317983},"area":64.4678,"volume":8.40914,"covariance": 27630.5  4413.74 -18559.6
 4413.74   2320.5 -16231.8
-18559.6 -16231.8   165851,}