{"normals":{ "x":-0.592981,"y":-0.324725,"z":0.736836,"d":-4.20153},"area":58.959,"volume":8.09159,"covariance": 32530.8 -9818.77    21776
-9818.77  13706.6 -2010.34
   21776 -2010.34  16806.5,}