{"normals":{ "x":0.106547,"y":-0.918526,"z":0.380733,"d":-0.512485},"area":19.7665,"volume":2.20965,"covariance":16989.7  4236.7 5674.76
 4236.7 1448.39 2329.44
5674.76 2329.44 4325.38,}