{"normals":{ "x":0.0884299,"y":-0.847835,"z":-0.522835,"d":1.33182},"area":47.312,"volume":6.1411,"covariance": 38459.7 -777.811  7153.05
-777.811  20146.5 -32955.9
 7153.05 -32955.9  55431.1,"fpfhs":(0, 0, 0, 0, 0.0865889, 72.248, 27.6654, 0, 0, 0, 0, 0, 0, 0, 0.292569, 11.1064, 53.4746, 30.1222, 5.00428, 0, 0, 0, 2.11733, 2.16746, 10.9943, 30.3643, 41.6079, 3.65407, 7.16765, 0.804521, 0.131263, 0.930374, 0.0609384),}