{"normals":{ "x":0.775317,"y":-0.243621,"z":-0.582693,"d":0.422454},"area":9.06316,"volume":0.834484,"covariance": 22162.9 -100.925  27680.1
-100.925  5982.87 -2325.22
 27680.1 -2325.22  38214.3,"fpfhs":(0, 0, 0, 0, 0, 100, 0, 0, 0, 0, 0, 0, 0, 0, 0, 0, 99.8733, 0.126748, 0, 0, 0, 0, 0, 0, 0.0464365, 0.0905665, 4.31969, 95.5009, 0.0114293, 0, 0.0310287, 0, 0),}