{"normals":{ "x":0.106572,"y":-0.99062,"z":-0.0855288,"d":0.317635},"area":50.7941,"volume":7.00689,"covariance": 30430.4  4436.01 -15045.1
 4436.01  2329.59   -16321
-15045.1   -16321   172037,}