{"normals":{ "x":0.99658,"y":-0.0632976,"z":-0.0531268,"d":1.89284},"area":11.8256,"volume":1.32316,"covariance": 108.412      374  105.449
     374  10872.8 -3345.07
 105.449 -3345.07  7620.38,}