{"normals":{ "x":0.469787,"y":-0.806587,"z":0.358773,"d":-0.167006},"area":4.77861,"volume":0.381691,"covariance": 4613.92 -903.796 -7781.01
-903.796  637.295  1877.59
-7781.01  1877.59  13807.3,"fpfhs":(0, 0, 0, 0, 0, 100, 0, 0, 0, 0, 0, 0, 0, 0, 0, 0, 99.8631, 0.136951, 0, 0, 0, 0, 0, 0, 0, 6.44539, 26.1082, 65.6845, 1.63243, 0.129507, 0, 0, 0),}