{"normals":{ "x":0.0964585,"y":-0.84893,"z":-0.519628,"d":1.32427},"area":48.8008,"volume":6.30021,"covariance": 40648.8 -1578.99  9613.44
-1578.99  20086.7   -33314
 9613.44   -33314    57077,"fpfhs":(4.16336, 3.05445, 3.10678, 0.037741, 1.14417, 78.8712, 0, 0.0888513, 0.0802478, 6.02616, 3.42705, 13.6939, 3.93763, 0.013497, 0.175678, 11.8771, 56.4308, 11.4646, 2.40683, 0, 0, 0, 0.880744, 6.04448, 0.201897, 4.07827, 9.69198, 28.3153, 35.6474, 7.77654, 3.13469, 4.12893, 0.0996859),}