{"normals":{ "x":0.788237,"y":0.561072,"z":0.252747,"d":-0.246195},"area":19.6456,"volume":2.54901,"covariance": 5975.28 -9203.92  2650.46
-9203.92  17497.9   -10386
 2650.46   -10386  14822.5,}