{"normals":{ "x":0.695195,"y":-0.543036,"z":-0.470974,"d":0.347715},"area":12.6983,"volume":1.368,"covariance": 30359.6 -5966.67  49653.8
-5966.67  10852.7 -19567.1
 49653.8 -19567.1    95504,"fpfhs":(0, 0, 0, 0, 0, 99.7248, 0.275242, 0, 0, 0, 0, 0, 0, 0, 0, 0.028036, 99.3116, 0.660365, 0, 0, 0, 0, 0, 0, 0.134232, 0.0598374, 9.45786, 90.0524, 0.20295, 0.0112836, 0, 0.081426, 0),}