{"normals":{ "x":0.100865,"y":-0.991014,"z":-0.0878492,"d":0.319643},"area":62.0503,"volume":8.37622,"covariance": 35003.3  4198.46 -8329.26
 4198.46   2346.9 -16642.8
-8329.26 -16642.8   180155,}