{"normals":{ "x":-0.616204,"y":-0.333811,"z":0.713346,"d":-4.13847},"area":41.3589,"volume":5.59738,"covariance": 31770.7 -10309.7  22620.1
-10309.7  13824.4 -2621.05
 22620.1 -2621.05  18530.9,}