{"normals":{ "x":0.792174,"y":0.560337,"z":0.241832,"d":-0.212341},"area":18.5212,"volume":2.37997,"covariance": 4504.93 -7019.76  2124.81
-7019.76  13150.6 -7822.19
 2124.81 -7822.19  11616.7,}