{"normals":{ "x":-0.00759561,"y":-0.994158,"z":-0.107664,"d":0.268611},"area":67.7476,"volume":9.28684,"covariance": 61050.3 -4524.84  36540.6
-4524.84  4342.35   -35819
 36540.6   -35819   326723,}