{"normals":{ "x":-0.275591,"y":0.564805,"z":0.777847,"d":-2.6707},"area":22.423,"volume":2.89148,"covariance": 27264.6 -4429.38  12863.9
-4429.38  18893.9 -15414.7
 12863.9 -15414.7  16193.3,"fpfhs":(0, 0, 0, 0, 20.8719, 74.2486, 2.58395, 2.29558, 0, 0, 0, 0, 19.5277, 4.69562, 0, 0, 53.1133, 2.58395, 20.0795, 0, 0, 0, 0, 0, 2.58395, 0, 18.8397, 11.262, 37.2321, 9.02634, 0, 4.69562, 16.3602),}