{"normals":{ "x":0.64861,"y":0.611669,"z":0.452953,"d":-0.361244},"area":9.56907,"volume":0.901508,"covariance":   27150  917.281 -39031.6
 917.281  6079.83  -7839.8
-39031.6  -7839.8  67490.2,"fpfhs":(0, 0, 0, 0, 0, 100, 0, 0, 0, 0, 0, 0, 0, 0, 0, 0.151838, 98.5077, 1.34044, 0, 0, 0, 0, 0, 0.0016023, 0.897525, 0, 17.4366, 79.9746, 0.0313985, 1.23949, 0, 0, 0.418789),}