{"normals":{ "x":0.100153,"y":-0.991055,"z":-0.0881978,"d":0.319817},"area":53.1617,"volume":7.29518,"covariance": 34746.6     4163  -8747.1
    4163  2352.55 -16678.7
 -8747.1 -16678.7   178782,}