{"normals":{ "x":0.948307,"y":0.165823,"z":-0.270585,"d":-0.352971},"area":15.83,"volume":1.66273,"covariance": 7740.43 -8798.31  19950.6
-8798.31  11483.1 -22374.6
 19950.6 -22374.6  53524.3,"fpfhs":(0, 0, 0, 0, 0, 100, 0, 0, 0, 0, 0, 0, 0, 0, 0, 0.941318, 97.1769, 1.88179, 0, 0, 0, 0, 1.73506, 0.87372, 0.0286154, 3.00853, 16.7463, 65.7438, 11.7326, 0.0944699, 0.01116, 0.00824399, 0.0175516),}