{"normals":{ "x":-0.603657,"y":-0.329468,"z":0.725981,"d":-4.17141},"area":43.4407,"volume":5.905,"covariance": 30974.4 -10263.7    20964
-10263.7  13648.2  -2495.5
   20964  -2495.5  16414.1,}