{"normals":{ "x":-0.373956,"y":-0.805196,"z":-0.460234,"d":1.44502},"area":53.889,"volume":7.53933,"covariance": 50546.9 -8912.62 -25117.1
-8912.62  16614.9   -21447
-25117.1   -21447  57961.2,"fpfhs":(0.13761, 0.452946, 8.11979, 2.48824, 5.57972, 60.0718, 13.9665, 6.32737, 2.16351, 0.660322, 0.0322017, 12.7266, 21.289, 18.6645, 8.00239, 3.79356, 9.82587, 6.95203, 4.3118, 6.59426, 5.02129, 2.81868, 7.71745, 9.44919, 10.1488, 13.0493, 20.1458, 2.75408, 8.02877, 7.82608, 11.161, 7.20828, 2.51121),}