{"normals":{ "x":-0.49246,"y":-0.118343,"z":0.862252,"d":-4.29902},"area":43.1238,"volume":5.98523,"covariance":49326.3 2578.09 28193.1
2578.09 10185.3 2824.21
28193.1 2824.21 16513.2,}