{"normals":{ "x":0.106961,"y":-0.9906,"z":-0.0852672,"d":0.317213},"area":53.2672,"volume":7.32283,"covariance": 34942.1   4428.4 -9073.67
  4428.4  2324.82 -16293.5
-9073.67 -16293.5   179842,}