{"normals":{ "x":-0.592007,"y":-0.321846,"z":0.73888,"d":-4.20859},"area":59.1171,"volume":7.9718,"covariance": 32327.8 -9735.37  21465.4
-9735.37  14504.8 -1643.41
 21465.4 -1643.41  16543.1,}