{"normals":{ "x":0.173766,"y":0.668953,"z":0.722709,"d":-3.4226},"area":41.0243,"volume":5.55492,"covariance": 59676.7  2883.89 -17498.4
 2883.89  6367.07 -6294.62
-17498.4 -6294.62  10180.4,"fpfhs":(0.190628, 0, 0.520861, 0, 0, 99.194, 0.0944909, 0, 0, 0, 0, 0.428319, 0.13144, 0.0846815, 0.0987593, 0.0627787, 98.5285, 0.665541, 0, 0, 0, 0, 30.5703, 7.2292, 0, 0, 0, 49.4594, 0, 0.0506909, 0, 0.762447, 11.9279),}