{"normals":{ "x":-0.0360015,"y":-0.980358,"z":-0.193911,"d":1.204},"area":64.811,"volume":8.89285,"covariance": 14133.5  749.917 -6454.03
 749.917   530.74 -2642.41
-6454.03 -2642.41  15520.7,"fpfhs":(0.394122, 0.394122, 0.394122, 0.788244, 0.394122, 78.4878, 15.6004, 0, 0, 0, 3.5471, 1.18237, 0.394122, 8.58844, 5.27953, 2.75885, 81.4026, 0, 0.394122, 0, 0, 0, 0, 0, 4.09716, 11.5032, 0.394122, 76.9113, 2.75885, 2.36473, 0.394122, 0.394122, 1.18237),}