{"normals":{ "x":0.794656,"y":0.555875,"z":0.243977,"d":-0.212199},"area":21.9901,"volume":2.83637,"covariance": 6590.99 -9681.63  1301.19
-9681.63  18026.6 -9510.33
 1301.19 -9510.33  17370.4,}