{"normals":{ "x":0.107126,"y":-0.990581,"z":-0.0852865,"d":0.317231},"area":53.704,"volume":7.41451,"covariance": 35078.1  4433.06 -8826.44
 4433.06  2328.11 -16302.9
-8826.44 -16302.9   180221,}