{"normals":{ "x":-0.511306,"y":0.258527,"z":0.819591,"d":-4.64537},"area":20.9082,"volume":0,"covariance":52324.1 7334.78 30435.2
7334.78 6675.64 2611.02
30435.2 2611.02 18286.9,}