{"normals":{ "x":0.188805,"y":-0.874326,"z":-0.44711,"d":2.02901},"area":48.0164,"volume":6.59042,"covariance": 29359.5  4298.93  4276.08
 4298.93     5321 -8343.26
 4276.08 -8343.26  18197.9,}