{"normals":{ "x":0.100435,"y":-0.991072,"z":-0.0876858,"d":0.319303},"area":55.9888,"volume":7.69691,"covariance":   34786  4185.27 -8817.19
 4185.27  2334.19 -16587.1
-8817.19 -16587.1   179546,}