{"normals":{ "x":-0.603456,"y":-0.330175,"z":0.725827,"d":-4.17319},"area":56.5018,"volume":7.19898,"covariance": 31230.4 -10395.7    21115
-10395.7  13878.1 -2476.67
   21115 -2476.67  16561.8,}