{"normals":{ "x":0.112784,"y":-0.921852,"z":0.370767,"d":-0.482801},"area":20.035,"volume":1.98365,"covariance":14312.8 3277.38 3984.91
3277.38  929.25 1312.23
3984.91 1312.23 2286.83,}