{"normals":{ "x":0.107281,"y":-0.990574,"z":-0.0851674,"d":0.316964},"area":54.2774,"volume":7.51092,"covariance": 35107.1  4435.44 -8702.27
 4435.44  2326.31 -16273.8
-8702.27 -16273.8   180352,}