{"normals":{ "x":0.16933,"y":-0.663074,"z":0.72915,"d":-0.360197},"area":1.19018,"volume":0.0817433,"covariance": 6097.07 -939.769 -1306.51
-939.769  4166.89  2717.64
-1306.51  2717.64  3314.87,}