{"normals":{ "x":-0.502104,"y":0.331614,"z":0.798701,"d":-4.46269},"area":20.0913,"volume":0,"covariance":60065.7 10260.6 33881.9
10260.6 7344.67 3504.29
33881.9 3504.29 20147.2,}