{"normals":{ "x":0.106971,"y":-0.990592,"z":-0.0853449,"d":0.317214},"area":53.7058,"volume":7.42054,"covariance": 34986.1  4424.43 -8992.63
 4424.43  2332.99   -16361
-8992.63   -16361   180522,}