{"normals":{ "x":0.106923,"y":-0.990598,"z":-0.0853461,"d":0.317357},"area":51.8704,"volume":7.09544,"covariance": 34764.5  4439.79 -9441.56
 4439.79  2328.22   -16313
-9441.56   -16313   179549,}