{"normals":{ "x":0.185843,"y":-0.671596,"z":0.717231,"d":-0.35283},"area":1.18824,"volume":0.0816426,"covariance": 5963.14 -746.956 -1314.54
-746.956  3817.45  2615.54
-1314.54  2615.54  3323.33,}