{"normals":{ "x":-0.604001,"y":-0.330623,"z":0.72517,"d":-4.17313},"area":43.0181,"volume":5.82136,"covariance": 36485.5 -10530.5  25499.1
-10530.5  13742.8 -2665.36
 25499.1 -2665.36    20180,}