{"normals":{ "x":0.107313,"y":-0.99056,"z":-0.0852927,"d":0.317422},"area":53.2433,"volume":7.30145,"covariance": 35133.8  4428.38 -8585.57
 4428.38  2324.28 -16277.1
-8585.57 -16277.1   180277,}