{"normals":{ "x":0.181797,"y":-0.667477,"z":0.722097,"d":-0.356484},"area":1.20198,"volume":0.0826479,"covariance": 6192.15 -979.081 -1426.09
-979.081  4202.03  2793.75
-1426.09  2793.75  3426.93,}