{"normals":{ "x":0.157169,"y":-0.944865,"z":0.287277,"d":-0.175233},"area":27.9637,"volume":3.01106,"covariance":17241.1 5026.51 7481.09
5026.51 1774.45 3061.46
7481.09 3061.46 6373.84,}