{"normals":{ "x":0.106887,"y":-0.990604,"z":-0.0853134,"d":0.31717},"area":53.4007,"volume":7.37222,"covariance": 35104.9  4424.92 -8923.09
 4424.92   2330.5 -16345.5
-8923.09 -16345.5   180686,}