{"normals":{ "x":0.182184,"y":-0.66872,"z":0.720848,"d":-0.355703},"area":1.20258,"volume":0.0827817,"covariance": 6221.29  -999.03 -1453.01
 -999.03   4195.8  2800.55
-1453.01  2800.55  3459.45,}