{"normals":{ "x":0.106667,"y":-0.99062,"z":-0.0854098,"d":0.317462},"area":53.5824,"volume":7.35076,"covariance": 34782.8  4421.07 -9506.79
 4421.07  2328.72   -16347
-9506.79   -16347   179627,}