{"normals":{ "x":0.18331,"y":-0.676385,"z":0.713373,"d":-0.349861},"area":1.18339,"volume":0.0802755,"covariance": 6038.56 -705.385 -1333.04
-705.385  3791.49   2671.2
-1333.04   2671.2  3420.47,}