{"normals":{ "x":-0.613971,"y":-0.348103,"z":0.708423,"d":-4.09391},"area":41.7265,"volume":5.60297,"covariance": 32304.3 -10614.2  22614.4
-10614.2  13932.8 -2550.17
 22614.4 -2550.17  18419.9,}