{"normals":{ "x":-0.00724273,"y":-0.994064,"z":-0.108555,"d":0.26894},"area":63.8945,"volume":8.77342,"covariance": 58769.8 -4066.81  32558.6
-4066.81  4150.85 -33808.7
 32558.6 -33808.7   305870,}