{"normals":{ "x":-0.0019054,"y":0.505817,"z":0.862638,"d":-3.82592},"area":27.1995,"volume":3.6599,"covariance": 53181.2  5264.13  -3812.5
 5264.13  8848.37 -5036.52
 -3812.5 -5036.52  3190.55,"fpfhs":(0, 0, 0, 0, 0, 0, 0, 0, 0, 0, 0, 0, 0, 0, 0, 0, 0, 0, 0, 0, 0, 0, 0, 0, 0, 0, 0, 0, 0, 0, 0, 0, 0),}