{"normals":{ "x":0.107143,"y":-0.990569,"z":-0.0853986,"d":0.317437},"area":53.9379,"volume":7.45016,"covariance": 35057.6  4432.72    -8920
 4432.72  2331.81 -16335.9
   -8920 -16335.9   180112,}