{"normals":{ "x":-0.513968,"y":0.321457,"z":0.7953,"d":-4.48436},"area":21.2846,"volume":0,"covariance":63667.4 10001.6 37294.6
10001.6 6816.46 3858.82
37294.6 3858.82 22712.9,}