{"normals":{ "x":0.157155,"y":-0.944953,"z":0.286996,"d":-0.171471},"area":29.052,"volume":3.05195,"covariance":17940.7 5041.17 7227.42
5041.17  1734.5  2953.1
7227.42  2953.1  6201.1,}