{"normals":{ "x":-0.4857,"y":0.195303,"z":0.852028,"d":-3.89846},"area":44.377,"volume":6.02416,"covariance": 24812.3  22.5852  14039.9
 22.5852  10155.4 -2298.95
 14039.9 -2298.95  8693.81,}