{"normals":{ "x":0.107173,"y":-0.990567,"z":-0.0853869,"d":0.317496},"area":53.7059,"volume":7.40424,"covariance": 34538.7  4427.92 -9433.97
 4427.92  2327.92 -16295.6
-9433.97 -16295.6   179175,}