{"normals":{ "x":0.158328,"y":-0.945405,"z":0.284852,"d":-0.165372},"area":29.4341,"volume":3.10783,"covariance":18148.9 5115.99 7340.78
5115.99 1762.23 3001.83
7340.78 3001.83 6314.62,}