{"normals":{ "x":-0.328678,"y":-0.94423,"z":0.0200183,"d":-0.63633},"area":79.402,"volume":10.9969,"covariance": 24354.5 -8862.03 -4354.37
-8862.03  3327.64  1815.38
-4354.37  1815.38  15963.2,"fpfhs":(2.02189, 1.94491, 7.47525, 3.70608, 7.1132, 35.0915, 20.3366, 12.4693, 8.16154, 1.39485, 0.284887, 13.2628, 4.97809, 3.67277, 4.74197, 9.4418, 15.1016, 14.5441, 8.88847, 5.92097, 8.5002, 10.9473, 17.3819, 12.613, 16.6599, 19.3019, 7.61591, 1.46251, 5.45666, 6.96423, 5.22188, 4.40901, 2.91313),}