{"normals":{ "x":0.794295,"y":0.55658,"z":0.243544,"d":-0.204931},"area":21.3456,"volume":2.7614,"covariance": 6336.92  -9197.1   1024.9
 -9197.1  17049.9 -8889.64
  1024.9 -8889.64  16867.6,}