{"normals":{ "x":0.107237,"y":-0.990665,"z":-0.0841598,"d":0.316305},"area":53.4175,"volume":7.29222,"covariance": 35042.6  4428.63 -8885.28
 4428.63  2287.88 -16064.1
-8885.28 -16064.1   179882,}