{"normals":{ "x":0.792224,"y":0.559886,"z":0.24271,"d":-0.211769},"area":18.5832,"volume":2.42014,"covariance": 4568.72 -7037.23  1934.48
-7037.23  13097.7 -7546.39
 1934.48 -7546.39  11481.8,}