{"normals":{ "x":-0.35868,"y":-0.684318,"z":-0.634868,"d":3.89554},"area":44.4468,"volume":5.72859,"covariance": 28194.2 -8446.39 -6688.89
-8446.39  4036.04  494.707
-6688.89  494.707  3243.88,"fpfhs":(0, 0, 0, 0, 0, 94.8276, 5.17239, 0, 0, 0, 0, 25.3175, 0, 0, 0, 0, 74.6825, 0, 0, 0, 0, 0, 17.3807, 0, 0, 5.17239, 0, 56.5594, 0, 0, 0, 0, 20.8875),}