{"normals":{ "x":0.207248,"y":-0.873719,"z":-0.440072,"d":1.99854},"area":49.6043,"volume":6.80988,"covariance":   29185  4770.28  4767.96
 4770.28  5157.13 -7778.86
 4767.96 -7778.86  17943.1,}