{"normals":{ "x":0.107252,"y":-0.990571,"z":-0.0852476,"d":0.317042},"area":52.9098,"volume":7.27986,"covariance": 34739.2  4428.16 -9224.89
 4428.16  2324.61 -16270.4
-9224.89 -16270.4   179548,}