{"normals":{ "x":0.187858,"y":-0.671319,"z":0.716966,"d":-0.354362},"area":1.20366,"volume":0.082561,"covariance": 6284.24 -976.568 -1506.18
-976.568  4176.42  2838.36
-1506.18  2838.36  3525.76,}