{"normals":{ "x":0.191967,"y":-0.677053,"z":0.710456,"d":-0.348887},"area":1.19435,"volume":0.081893,"covariance": 6192.34 -826.444 -1440.32
-826.444   3936.2  2750.03
-1440.32  2750.03  3507.83,}