{"normals":{ "x":0.107044,"y":-0.990573,"z":-0.0854808,"d":0.317336},"area":53.6628,"volume":7.39369,"covariance": 35047.4   4408.7 -8607.72
  4408.7     2330   -16305
-8607.72   -16305   179963,}