{"normals":{ "x":0.195389,"y":-0.679632,"z":0.707052,"d":-0.346246},"area":1.1765,"volume":0.079254,"covariance": 6064.45 -722.128 -1398.61
-722.128  3774.68  2681.17
-1398.61  2681.17  3477.78,}