{"normals":{ "x":-0.0175569,"y":-0.993349,"z":-0.113792,"d":0.272882},"area":67.035,"volume":9.12686,"covariance": 59984.5 -5357.26  37084.4
-5357.26  4707.88 -36689.2
 37084.4 -36689.2   314568,}