{"normals":{ "x":0.0366701,"y":0.0131268,"z":0.999241,"d":-4.92554},"area":22.8965,"volume":2.93516,"covariance": 89889.1 -1185.33 -5386.11
-1185.33    15496 -740.915
-5386.11 -740.915  653.495,"fpfhs":(0.269277, 0, 0, 0, 0, 99.3889, 0, 0, 0, 0, 0.341831, 0.611108, 0, 0, 0, 0, 99.3889, 0, 0, 0, 0, 0, 0, 0, 0, 0, 0, 99.8061, 0.102176, 0.0917588, 0, 0, 0),}