{"normals":{ "x":0.212704,"y":-0.684695,"z":0.697101,"d":-0.340782},"area":1.19073,"volume":0.0807304,"covariance": 6171.78 -751.123 -1505.32
-751.123  3793.25  2725.75
-1505.32  2725.75  3581.28,}