{"normals":{ "x":-0.499448,"y":0.298278,"z":0.813377,"d":-3.65615},"area":45.2782,"volume":6.25299,"covariance":   22289  37.1727  13536.8
 37.1727  10330.7 -3711.95
 13536.8 -3711.95  9813.57,}