{"normals":{ "x":0.854919,"y":0.0953361,"z":0.509926,"d":-1.50868},"area":7.41309,"volume":0,"covariance": 13915.9   2561.5 -23899.1
  2561.5  7036.98 -5485.05
-23899.1 -5485.05  41403.7,"fpfhs":(0.211413, 0.528889, 0, 0, 3.33001, 50.6981, 32.7799, 0, 0.0991276, 1.10529, 11.2472, 25.362, 11.7123, 32.4645, 0, 0.890729, 12.6367, 3.21863, 0.702555, 1.62535, 8.33197, 3.05526, 1.75126, 0.888655, 21.6432, 12.1313, 24.701, 12.3316, 7.46729, 16.9227, 1.95159, 0, 0.211413),}