{"normals":{ "x":0.793435,"y":0.556799,"z":0.245835,"d":-0.211949},"area":21.3859,"volume":2.75938,"covariance": 6369.65 -9092.34  707.207
-9092.34  16668.4 -8328.16
 707.207 -8328.16  16428.3,}