{"normals":{ "x":-0.437863,"y":0.398002,"z":0.806145,"d":-4.50498},"area":18.9548,"volume":0,"covariance":49807.2 6788.59   24067
6788.59 6332.55 719.517
  24067 719.517 12923.7,}