{"normals":{ "x":-0.00761252,"y":-0.993989,"z":-0.109213,"d":0.269204},"area":70.2702,"volume":9.62805,"covariance": 61962.7 -5149.14  42185.9
-5149.14  4497.29 -36788.8
 42185.9 -36788.8   331798,}