{"normals":{ "x":0.00895273,"y":0.293327,"z":0.95597,"d":-4.53598},"area":23.7773,"volume":3.14483,"covariance":   79944  6550.56  -3811.2
 6550.56  8774.16 -2276.52
 -3811.2 -2276.52  814.883,"fpfhs":(100, 0, 0, 0, 0, 0, 0, 0, 0, 0, 0, 100, 0, 0, 0, 0, 0, 0, 0, 0, 0, 0, 100, 0, 0, 0, 0, 0, 0, 0, 0, 0, 0),}