{"normals":{ "x":-0.513848,"y":0.201116,"z":0.833974,"d":-3.79943},"area":46.3683,"volume":6.33316,"covariance": 25124.1 -1015.03  15596.4
-1015.03  10542.9 -3205.37
 15596.4 -3205.37  10552.1,}