{"normals":{ "x":-0.338034,"y":-0.813859,"z":-0.472616,"d":1.4792},"area":43.3126,"volume":5.94876,"covariance":   40302 -10052.7 -11193.4
-10052.7  14410.6 -17279.8
-11193.4 -17279.8  37518.2,"fpfhs":(7.6656, 2.77088, 3.54897, 4.95114, 21.6016, 31.7969, 10.9796, 6.38631, 4.04245, 3.86463, 2.3919, 22.3385, 8.60681, 4.81363, 8.21542, 9.00144, 7.27176, 7.71113, 8.01333, 10.4626, 8.888, 4.6774, 10.4961, 13.1815, 13.2931, 8.15712, 10.9641, 1.93326, 10.7685, 12.9101, 12.6518, 3.98353, 1.66094),}