{"normals":{ "x":0.793611,"y":0.557517,"z":0.243633,"d":-0.205825},"area":21.1267,"volume":2.6942,"covariance": 6234.93 -9132.36  1330.17
-9132.36  16948.5 -9079.59
 1330.17 -9079.59  16367.9,}