{"normals":{ "x":-0.303608,"y":-0.703173,"z":-0.642939,"d":3.96331},"area":44.669,"volume":5.84987,"covariance":   28187    -7439 -4856.99
   -7439  3907.41 -790.909
-4856.99 -790.909  3150.26,"fpfhs":(0, 0, 0, 0, 0, 100, 0, 0, 0, 0, 0, 0, 0, 0, 0, 0, 100, 0, 0, 0, 0, 0, 0, 0, 0, 0, 0, 100, 0, 0, 0, 0, 0),}