{"normals":{ "x":0.0055922,"y":-0.994416,"z":-0.10538,"d":0.26631},"area":69.0791,"volume":9.59265,"covariance": 62356.1 -4305.96  42388.5
-4305.96  4042.71 -34207.7
 42388.5 -34207.7   322600,}