{"normals":{ "x":-0.567846,"y":-0.119052,"z":0.81448,"d":-4.01387},"area":51.8066,"volume":7.27771,"covariance":59450.3 3129.71 41533.9
3129.71 10781.5 3675.48
41533.9 3675.48 29480.3,}