{"normals":{ "x":0.621034,"y":0.302698,"z":0.722973,"d":-2.11718},"area":32.4251,"volume":3.94569,"covariance": 28882.8  7545.86 -28134.2
 7545.86  9386.86 -10025.2
-28134.2 -10025.2  28566.3,"fpfhs":(0, 0, 0, 0, 0, 100, 0, 0, 0, 0, 0, 0, 0, 0, 0, 0, 100, 0, 0, 0, 0, 0, 0, 12.8377, 0, 0, 6.75025, 40.4471, 21.3305, 18.6344, 0, 0, 0),}