{"normals":{ "x":-0.573471,"y":-0.298843,"z":0.762774,"d":-4.35575},"area":60.2088,"volume":8.39609,"covariance": 25992.9 -7948.62  16300.4
-7948.62  14538.8 -382.195
 16300.4 -382.195  12203.1,}