{"normals":{ "x":-0.00366987,"y":-0.922583,"z":-0.385781,"d":0.732962},"area":9.00981,"volume":0,"covariance": 79801.8 -8495.22  19264.5
-8495.22  25212.8 -60083.2
 19264.5 -60083.2   143701,"fpfhs":(0, 0, 0, 0, 0, 100, 0, 0, 0, 0, 0, 0, 0, 0, 0, 0.718004, 99.282, 0, 0, 0, 0, 0, 0, 0.0305719, 2.18968, 1.25961, 15.157, 64.1573, 15.5301, 1.42412, 0.129068, 0.122545, 0),}