{"normals":{ "x":-0.00257946,"y":-0.994061,"z":-0.108792,"d":0.268838},"area":69.6975,"volume":9.5928,"covariance": 63299.3 -5293.96  46308.7
-5293.96  4478.83 -36897.4
 46308.7 -36897.4   335094,}