{"normals":{ "x":0.0624508,"y":-0.731326,"z":-0.679163,"d":0.484357},"area":0.924982,"volume":0.0563058,"covariance":1390.51 -212.59 201.327
-212.59 1559.39 -1453.2
201.327 -1453.2 1876.93,"fpfhs":(0, 0, 0, 0, 0, 45.2072, 53.5292, 1.26365, 0, 0, 0, 0, 0, 0.411008, 6.1098, 24.008, 39.5263, 23.7076, 6.00197, 0.235339, 0, 0, 0, 0.0596039, 6.87836, 39.1839, 41.9435, 11.5052, 0.400653, 0, 0.028787, 0, 0),}