{"normals":{ "x":-0.610947,"y":-0.194347,"z":0.767445,"d":-3.84776},"area":52.0077,"volume":7.17622,"covariance": 45876.6 -1269.22  35767.1
-1269.22  8903.34  1153.11
 35767.1  1153.11  28678.5,}