{"normals":{ "x":0.79081,"y":0.560479,"z":0.245932,"d":-0.216731},"area":19.577,"volume":2.53867,"covariance": 6003.54 -9020.25  2006.97
-9020.25  17218.9 -10286.1
 2006.97 -10286.1  17009.6,}