{"normals":{ "x":0.0386674,"y":0.145132,"z":0.988656,"d":-0.557314},"area":0.561616,"volume":0.0167912,"covariance": 4386.86  1291.88 -359.242
 1291.88  2555.41 -418.465
-359.242 -418.465  124.804,}