{"normals":{ "x":0.125918,"y":-0.92112,"z":-0.368351,"d":0.281341},"area":49.7389,"volume":6.45318,"covariance": 29289.6  3267.72 -48.9985
 3267.72  35275.5 -85961.1
-48.9985 -85961.1   217764,}