{"normals":{ "x":0.452562,"y":-0.74841,"z":-0.484841,"d":1.66583},"area":39.0253,"volume":4.74044,"covariance": 14771.7 -2458.47  16739.2
-2458.47  14969.9 -25225.4
 16739.2 -25225.4  54213.8,}