{"normals":{ "x":-0.13244,"y":-0.83984,"z":-0.52643,"d":1.48097},"area":21.5114,"volume":2.73465,"covariance": 13803.7 -4394.35  3661.47
-4394.35  9945.74 -14165.5
 3661.47 -14165.5  21335.4,}