{"normals":{ "x":-0.544351,"y":0.299675,"z":0.783503,"d":-3.55489},"area":46.4085,"volume":6.12195,"covariance": 34167.2  -3166.9    24945
 -3166.9  9285.08 -5763.34
   24945 -5763.34  19749.6,}