{"normals":{ "x":-0.164828,"y":-0.96737,"z":-0.192424,"d":0.324959},"area":48.4875,"volume":6.37857,"covariance": 33080.4 -620.549   -25336
-620.549  8054.18 -36526.9
  -25336 -36526.9   202784,}