{"normals":{ "x":-0.542609,"y":0.194312,"z":0.817201,"d":-3.71925},"area":43.6691,"volume":5.49721,"covariance": 19454.5 -2568.95  13466.8
-2568.95  8746.37 -3748.15
 13466.8 -3748.15  9965.08,}