{"normals":{ "x":0.101223,"y":-0.991031,"z":-0.087243,"d":0.319187},"area":52.9832,"volume":7.21484,"covariance": 34307.2  4304.05 -10207.4
 4304.05  2349.85 -16588.5
-10207.4 -16588.5   177312,}