{"normals":{ "x":-0.529331,"y":0.301046,"z":0.793209,"d":-3.55852},"area":49.426,"volume":6.58866,"covariance": 24173.7 -2406.72  17139.8
-2406.72  8839.38 -5018.82
 17139.8 -5018.82  13626.7,}