{"normals":{ "x":-0.579562,"y":-0.340763,"z":0.740263,"d":-4.17932},"area":57.891,"volume":7.84107,"covariance":   33766 -10369.2    21414
-10369.2  14758.8 -1430.93
   21414 -1430.93  16161.4,}