{"normals":{ "x":-0.00181515,"y":-0.777847,"z":-0.628451,"d":0.46421},"area":0.973731,"volume":0.0599722,"covariance": 1562.07 -210.129  143.963
-210.129  2017.98 -1743.54
 143.963 -1743.54  2197.94,"fpfhs":(0, 0, 0, 0, 0.00349781, 42.6592, 56.0667, 1.2706, 0, 0, 0, 0, 0, 0.150633, 4.31189, 30.2537, 36.3876, 22.9598, 5.8414, 0.0949963, 0, 0, 0, 0.0161801, 10.0005, 43.8101, 39.2122, 6.76393, 0.193529, 0, 0, 0, 0.00349781),}