{"normals":{ "x":-0.160805,"y":-0.968426,"z":-0.190508,"d":0.323395},"area":47.1354,"volume":6.13381,"covariance": 31721.2   44.535   -27153
  44.535  7600.57 -35209.3
  -27153 -35209.3   199291,}