{"normals":{ "x":-0.164796,"y":-0.967405,"z":-0.192277,"d":0.325006},"area":48.9305,"volume":6.57747,"covariance": 33528.9 -928.799 -24186.5
-928.799   8240.9 -37256.8
-24186.5 -37256.8   205780,}