{"normals":{ "x":-0.66763,"y":-0.717281,"z":-0.199446,"d":0.165806},"area":19.6393,"volume":2.29296,"covariance": 19039.5 -9313.85 -28470.3
-9313.85  8527.18  5920.66
-28470.3  5920.66  74999.7,}