{"normals":{ "x":0.96437,"y":0.228578,"z":-0.133203,"d":2.14291},"area":7.1644,"volume":0.753076,"covariance": 371.644 -1131.27  96.1953
-1131.27  4793.56  548.707
 96.1953  548.707  3569.57,}