{"normals":{ "x":-0.198072,"y":-0.924926,"z":-0.324467,"d":0.704553},"area":1.23855,"volume":0,"covariance": 10865.3  4776.45 -20533.5
 4776.45  3026.05 -11512.3
-20533.5 -11512.3  45979.3,}