{"normals":{ "x":0.0891602,"y":-0.727185,"z":0.680627,"d":-0.449409},"area":2.27686,"volume":0.168846,"covariance": 7779.77 -2611.04 -3093.42
-2611.04  3997.38   3567.3
-3093.42   3567.3  4329.51,}