{"normals":{ "x":0.11032,"y":-0.832335,"z":-0.543183,"d":0.945156},"area":4.71118,"volume":0,"covariance": 33810.1  4910.99 -658.653
 4910.99  6827.24 -9454.05
-658.653 -9454.05  14344.4,}