{"normals":{ "x":0.253893,"y":-0.963453,"z":-0.0854203,"d":0.268938},"area":56.0496,"volume":7.70365,"covariance": 36201.2  10552.6 -7854.21
 10552.6  5243.21 -19345.1
-7854.21 -19345.1   195359,}