{"normals":{ "x":0.0539374,"y":-0.905023,"z":-0.421929,"d":0.656409},"area":22.5829,"volume":2.48011,"covariance": 14103.6  1944.89  -2589.3
 1944.89  8379.18 -17459.3
 -2589.3 -17459.3  37118.2,}