{"normals":{ "x":-0.602097,"y":-0.334601,"z":0.724928,"d":-4.16546},"area":58.3773,"volume":7.49501,"covariance": 27282.8 -8698.42    18480
-8698.42  10618.9 -2347.28
   18480 -2347.28  14316.6,}