{"normals":{ "x":-0.586738,"y":-0.340297,"z":0.734804,"d":-4.22416},"area":57.1366,"volume":7.79821,"covariance": 28653.5 -7380.58  19292.9
-7380.58  9033.75  -1764.2
 19292.9  -1764.2  14567.9,}