{"normals":{ "x":-0.639527,"y":-0.691576,"z":-0.33575,"d":0.155799},"area":10.0895,"volume":1.02749,"covariance":  4361.6  649.518 -9924.65
 649.518  2771.37 -6472.42
-9924.65 -6472.42  32957.4,}