{"normals":{ "x":-0.324546,"y":-0.358349,"z":0.875361,"d":-0.50433},"area":1.15133,"volume":0.0598991,"covariance":3312.53 120.638 626.098
120.638 2723.92 587.821
626.098 587.821 429.692,}