{"normals":{ "x":0.0236945,"y":-0.905153,"z":-0.424424,"d":0.947752},"area":7.59255,"volume":0,"covariance": 35808.9 -2361.14  7547.56
-2361.14  7165.33 -16022.8
 7547.56 -16022.8    36061,}