{"normals":{ "x":-0.102609,"y":-0.159909,"z":0.981784,"d":-0.569464},"area":0.611117,"volume":0.0249503,"covariance":3163.35 19.2399 321.602
19.2399 2834.72 444.954
321.602 444.954 214.918,}