{"normals":{ "x":0.00687934,"y":-0.900511,"z":-0.434779,"d":0.926567},"area":9.43087,"volume":0,"covariance": 19637.8 -2229.08  4839.58
-2229.08  12603.5 -26156.1
 4839.58 -26156.1  54364.8,}