{"normals":{ "x":0.000142081,"y":-0.895816,"z":-0.444424,"d":0.925495},"area":1.96352,"volume":0,"covariance": 11229.2  4894.85 -9924.19
 4894.85   4013.9 -8118.41
-9924.19 -8118.41  16478.8,}