{"normals":{ "x":-0.0991444,"y":-0.157862,"z":0.982471,"d":-0.566094},"area":0.63294,"volume":0.0272844,"covariance":3147.46 66.2042 313.563
66.2042 2965.18 460.271
313.563 460.271  237.26,}