{"normals":{ "x":-0.094829,"y":-0.155059,"z":0.983343,"d":-0.563948},"area":0.620575,"volume":0.0263645,"covariance":3116.48 86.8873 300.081
86.8873 3001.92  458.98
300.081  458.98 238.749,}