{"normals":{ "x":-0.0140847,"y":-0.893023,"z":-0.449791,"d":0.919209},"area":1.86993,"volume":0,"covariance": 9537.92  4854.32 -9952.94
 4854.32  4247.78 -8581.41
-9952.94 -8581.41  17392.7,}