{"normals":{ "x":-0.159068,"y":-0.949925,"z":-0.26896,"d":0.373285},"area":9.80266,"volume":0.626381,"covariance":   35456 -12107.1  22360.4
-12107.1  11141.1 -26452.7
 22360.4 -26452.7  74505.2","fpfhs":"(0, 0, 0, 0, 0.343017, 35.528, 51.6968, 12.0546, 0.377562, 0, 0, 0, 0.306035, 7.01074, 12.7994, 17.3183, 27.4206, 16.1044, 13.007, 5.5934, 0.440121, 0, 0, 4.52298, 26.2284, 33.9031, 21.4012, 11.996, 1.01582, 0.719325, 0.211652, 0.00156905, 0)",}