{"normals":{ "x":-0.181902,"y":-0.161534,"z":0.969958,"d":-0.438488},"area":0.64953,"volume":0.0280653,"covariance": 3554.16 -269.597  657.669
-269.597  3105.39  309.142
 657.669  309.142  700.241","fpfhs":"(0, 0, 0, 0, 0, 49.2185, 43.5383, 7.24319, 0, 0, 0, 0, 0.132815, 3.94489, 10.1741, 15.9561, 33.3349, 19.9645, 12.1437, 3.69516, 0.653804, 0, 0, 1.92467, 27.7837, 27.1143, 23.5816, 17.815, 1.77749, 0.00323926, 0, 0, 0)",}