{"normals":{ "x":-0.0682326,"y":-0.222664,"z":0.972505,"d":-0.435694},"area":0.630567,"volume":0.0298426,"covariance": 3940.81 -408.834  224.118
-408.834  3039.92   498.96
 224.118   498.96  643.036","fpfhs":"(0, 0, 0, 0, 0.0173821, 39.2656, 51.39, 9.20954, 0.117447, 0, 0, 0, 0.175655, 1.06093, 8.89271, 20.5287, 20.3338, 21.2348, 19.8331, 6.30894, 1.63129, 0, 0, 1.84954, 28.0458, 33.3333, 24.3271, 5.97558, 5.64221, 0.696182, 0.0987022, 0.0316405, 0)",}