{"normals":{ "x":0.0179554,"y":-0.00294692,"z":0.999834,"d":-0.464062},"area":0.694707,"volume":0.0342436,"covariance":    3934  -729.05 -3.33041
 -729.05  2850.24  3.39072
-3.33041  3.39072  806.629","fpfhs":"(0, 0, 0, 0, 0.520085, 51.7775, 35.0645, 12.6284, 0.00952359, 0, 0, 0, 0.0644025, 1.07388, 15.0403, 25.2985, 24.5317, 16.0002, 12.941, 4.38976, 0.660267, 0, 0.0358639, 1.68463, 22.9171, 32.9079, 24.6626, 6.88717, 8.43142, 2.31763, 0.0807253, 0.0749331, 0)",}