{"normals":{ "x":0.0245629,"y":0.0216556,"z":0.999464,"d":-0.465469},"area":0.703789,"volume":0.0350957,"covariance": 3901.06 -751.129 -8.21723
-751.129  2831.27 -42.6921
-8.21723 -42.6921   810.41","fpfhs":"(0, 0, 0, 0, 0, 57.9684, 29.2602, 12.7642, 0.00727743, 0, 0, 0, 0.0525506, 2.53982, 13.3471, 27.7228, 18.4916, 16.2976, 15.9282, 5.18544, 0.434847, 0, 0, 4.70539, 19.5729, 37.6506, 26.2706, 6.86941, 4.36009, 0.562374, 0.00484079, 0.00379001, 0)",}