{"normals":{ "x":0.0832823,"y":0.21347,"z":0.973393,"d":-0.463224},"area":0.71383,"volume":0.0347986,"covariance": 3455.22 -667.531 -11.9645
-667.531   2255.9 -286.408
-11.9645 -286.408  806.627","fpfhs":"(0, 0, 0, 0, 0, 41.3368, 54.4062, 4.257, 0, 0, 0, 0, 0.330992, 8.72934, 10.4587, 20.7514, 25.6621, 23.801, 8.13183, 1.8137, 0.321053, 0, 0, 2.69122, 25.73, 35.9139, 27.3769, 6.08177, 1.70882, 0.105635, 0.391741, 0, 0)",}