{"normals":{ "x":0.109796,"y":0.278392,"z":0.954171,"d":-0.451376},"area":0.693835,"volume":0.0329277,"covariance": 3113.18  -647.61 0.149575
 -647.61  1836.06 -346.679
0.149575 -346.679  756.806","fpfhs":"(0, 0, 0, 0, 0.303025, 84.1409, 11.5223, 4.03379, 0, 0, 0, 5.94965, 3.59354, 4.28794, 5.14204, 24.4167, 51.872, 3.85397, 0.609309, 0.266638, 0.00828651, 0, 2.00401, 2.83709, 3.46816, 7.03853, 32.2827, 39.2042, 11.9334, 0.972346, 0.191248, 0, 0.068289)",}