{"normals":{ "x":0.0677039,"y":-0.910108,"z":-0.408803,"d":0.163502},"area":3.82525,"volume":0.203129,"covariance": 12297.6    -1317  4350.35
   -1317  5484.48 -11787.8
 4350.35 -11787.8  26577.6","fpfhs":"(0, 0, 0, 0, 0, 71.3949, 28.601, 0.00414678, 0, 0, 0, 0, 0, 0.192728, 5.23634, 26.7908, 44.5855, 20.3075, 2.503, 0.384153, 0, 0, 1.08753, 1.89914, 5.11015, 32.5582, 40.9419, 16.7099, 1.22777, 0.0997607, 0.331297, 0.0343416, 0)",}