{"normals":{ "x":0.0521265,"y":-0.908427,"z":-0.414781,"d":0.168272},"area":3.81895,"volume":0.203864,"covariance": 12393.6 -1318.21  4373.97
-1318.21  5500.13 -11801.7
 4373.97 -11801.7  26586.4","fpfhs":"(0, 0, 0, 0, 0, 71.4879, 28.5121, 0, 0, 0, 0, 0, 0, 0.281526, 3.56294, 26.9086, 46.1924, 20.3979, 2.52393, 0.130481, 0.00222729, 0, 1.1474, 2.20452, 5.03345, 30.7432, 41.9072, 17.1239, 1.77151, 0.0687441, 0, 0, 0)",}