{"normals":{ "x":0.0362049,"y":-0.91108,"z":-0.410638,"d":0.178663},"area":4.34577,"volume":0.23246,"covariance": 14684.1 -1513.56  4433.88
-1513.56  6796.58 -14749.6
 4433.88 -14749.6  33337.7","fpfhs":"(0, 0, 0, 0, 0.0243919, 40.7867, 46.6014, 12.4915, 0.0960401, 0, 0, 0, 0.395006, 2.46949, 10.7468, 21.2945, 27.9861, 17.8766, 13.7569, 5.04297, 0.431561, 0, 0, 5.68005, 30.9723, 29.6673, 22.5377, 5.97074, 4.48918, 0.571909, 0.0686866, 0.0193633, 0.0227581)",}