{"normals":{ "x":-0.315605,"y":-0.735093,"z":-0.600026,"d":0.287642},"area":1.87516,"volume":0.103797,"covariance": 5846.94  850.354 -3603.33
 850.354  3166.61 -3493.04
-3603.33 -3493.04  6774.45","fpfhs":"(0, 0, 0, 0, 0, 48.081, 41.6361, 10.27, 0.0128912, 0, 0, 0, 0.267351, 2.69846, 14.7134, 19.1658, 22.8643, 18.0692, 14.0334, 7.60355, 0.58446, 0, 0.0562919, 2.71666, 24.1757, 30.0811, 22.7116, 10.3939, 7.33702, 2.27513, 0.184496, 0.06811, 0)",}