{"normals":{ "x":-0.157208,"y":-0.949133,"z":-0.272824,"d":0.374551},"area":9.80346,"volume":0.61843,"covariance":   35979 -12435.4  23075.2
-12435.4  11563.9 -27262.5
 23075.2 -27262.5  75772.6","fpfhs":"(0, 0, 0, 0, 0.116492, 37.0463, 53.8637, 8.56655, 0.406972, 0, 0, 0, 0.255667, 6.08643, 16.0993, 18.8921, 30.501, 17.1945, 8.34214, 2.50519, 0.123657, 0, 0, 3.5273, 33.93, 29.9818, 22.0118, 9.5691, 0.41347, 0.495823, 0.070712, 0, 0)",}