{"normals":{ "x":0.0583317,"y":0.159377,"z":0.985493,"d":-0.469927},"area":0.728612,"volume":0.0360655,"covariance": 3582.85 -643.288  15.4515
-643.288  2523.81 -241.427
 15.4515 -241.427  801.579","fpfhs":"(0, 0, 0, 0, 1.01238, 54.326, 34.4795, 9.96646, 0.215697, 0, 0, 0, 1.63152, 6.36204, 11.9748, 18.9177, 22.65, 15.0878, 11.2846, 7.74101, 4.29352, 0.0570267, 0.00817048, 4.3464, 21.2565, 25.1741, 20.886, 13.8632, 12.804, 1.42409, 0.0971393, 0.0231329, 0.117299)",}