{"normals":{ "x":0.0655397,"y":0.155709,"z":0.985626,"d":-0.469418},"area":0.72808,"volume":0.0355601,"covariance": 3598.85 -670.269 -15.1558
-670.269  2550.36 -231.773
-15.1558 -231.773  793.542","fpfhs":"(0, 0, 0, 0, 0, 81.4866, 12.8444, 5.66899, 0, 0, 0, 7.32866, 5.4995, 5.46926, 9.49449, 19.0743, 46.4568, 5.56249, 0.710087, 0.377229, 0.0271908, 0, 1.48208, 3.92493, 5.50957, 8.20986, 29.7481, 40.963, 9.58963, 0.484302, 0.0885475, 0, 0)",}