{"normals":{ "x":0.076383,"y":0.201389,"z":0.976528,"d":-0.46659},"area":0.722219,"volume":0.0352497,"covariance": 3465.54  -639.43 -21.1233
 -639.43  2318.09 -285.939
-21.1233 -285.939  796.678","fpfhs":"(0, 0, 0, 0, 1.59923, 78.2544, 14.6922, 5.45417, 0, 0, 0, 7.82585, 3.91484, 6.70171, 11.12, 25.1388, 35.756, 7.79115, 1.28971, 0.456, 0.00596641, 0, 0.981183, 3.90293, 7.14825, 11.8187, 23.8543, 28.6381, 19.539, 3.59546, 0.415002, 0.0895222, 0.0174557)",}