{"normals":{ "x":0.0881586,"y":0.246613,"z":0.965096,"d":-0.462662},"area":0.719829,"volume":0.0348422,"covariance": 3378.85 -612.019 -8.00898
-612.019  2133.21 -330.865
-8.00898 -330.865  806.841","fpfhs":"(0, 0, 0, 0, 0, 83.9845, 13.1748, 2.84067, 0, 0, 0, 6.20379, 4.07049, 6.34286, 9.67328, 22.383, 47.823, 2.60849, 0.567672, 0.283183, 0.044148, 0, 1.50901, 1.05415, 5.27457, 8.41143, 30.5549, 40.9988, 11.66, 0.479826, 0.0111766, 0.0460884, 0)",}