{"normals":{ "x":-0.0312117,"y":-0.833624,"z":-0.55145,"d":0.544907},"area":6.80609,"volume":0.355507,"covariance": 24907.3 -2601.93  2511.26
-2601.93  7871.01 -11695.8
 2511.26 -11695.8  17547.7","fpfhs":"(0, 0, 0, 0, 0, 100, 0, 0, 0, 0, 0, 0, 0, 0, 0, 0.465766, 97.8856, 1.64868, 0, 0, 0, 0, 0, 0, 0.0235173, 0.993703, 15.2365, 79.1508, 4.17581, 0.224853, 0.190692, 0.00412668, 0)",}