{"normals":{ "x":-0.11862,"y":-0.947808,"z":-0.295953,"d":0.231827},"area":11.7133,"volume":0.9085,"covariance": 25486.8 -9398.74  20916.7
-9398.74  12633.3 -33260.7
 20916.7 -33260.7  95777.1","fpfhs":"(0, 0, 0, 0, 0.133187, 88.6054, 10.8488, 0.408161, 0.00453206, 0, 0, 0, 0, 0.175144, 2.10813, 24.2144, 53.5611, 16.7425, 0.808845, 0.915306, 0.463194, 1.01143, 0.146665, 0.416563, 3.03173, 12.7331, 50.1147, 23.2562, 8.94502, 0.968194, 0.337842, 0.0498899, 0)",}