{"normals":{ "x":0.0385774,"y":-0.929123,"z":-0.367752,"d":0.291666},"area":8.86762,"volume":0.597695,"covariance": 29670.5  2926.13 -5291.41
 2926.13  13664.6 -30578.7
-5291.41 -30578.7  74886.9","fpfhs":"(0, 0, 0, 0, 0, 99.8741, 0.125858, 0, 0, 0, 0, 0, 0, 0, 0.722012, 17.4964, 78.4681, 3.31352, 0, 0, 0, 0, 0, 0.0531397, 0.160831, 1.12866, 23.7917, 70.1806, 4.32163, 0.323109, 0.0177594, 0.022621, 0)",}