{"normals":{ "x":0.129655,"y":-0.909269,"z":-0.395498,"d":0.245631},"area":5.48841,"volume":0.331598,"covariance": 19669.9  1291.96  2325.56
 1291.96  9981.83 -19815.7
 2325.56 -19815.7  45708.1","fpfhs":"(0, 0, 0, 0, 0, 100, 0, 0, 0, 0, 0, 0, 0, 0, 0, 2.35034, 96.0919, 1.55778, 0, 0, 0, 0, 0, 0.137414, 1.31153, 2.99023, 23.0633, 69.8967, 1.91648, 0.401023, 0.0158909, 0, 0.267439)",}