{"normals":{ "x":0.130389,"y":-0.908959,"z":-0.39597,"d":0.245256},"area":5.40825,"volume":0.327715,"covariance": 19600.3  1230.17  2437.77
 1230.17  9993.11 -19774.6
 2437.77 -19774.6  45495.4","fpfhs":"(0, 0, 0, 0, 0, 52.9831, 45.0758, 1.94108, 0, 0, 0, 0, 0.809267, 6.07458, 13.8917, 20.6851, 29.8421, 17.5952, 9.28184, 1.7576, 0.0626237, 0, 0, 0.56949, 17.1853, 34.5437, 21.5069, 24.5673, 1.1069, 0, 0.518747, 0.00165563, 0)",}