{"normals":{ "x":0.63334,"y":-0.483631,"z":-0.604136,"d":0.279847},"area":1.90681,"volume":0.0960628,"covariance": 7876.54 -898.447  7988.49
-898.447  4203.01 -3644.02
 7988.49 -3644.02  11003.9","fpfhs":"(0, 0, 0, 0, 0, 100, 0, 0, 0, 0, 0, 0, 0, 0, 0, 0, 100, 0, 0, 0, 0, 0, 0, 0, 0, 0.821336, 2.63729, 96.0161, 0.457235, 0.0492245, 0.0187876, 0, 0)",}