{"normals":{ "x":-0.064657,"y":-0.876603,"z":-0.476851,"d":0.528598},"area":12.5304,"volume":0.772357,"covariance": 48128.5 -1558.69 -1211.45
-1558.69  29386.5 -50919.5
-1211.45 -50919.5  92765.8","fpfhs":"(0, 0, 0, 0, 0.458144, 81.997, 17.3621, 0.182723, 0, 0, 0, 0.300597, 0.587767, 1.2584, 4.98236, 19.1273, 62.3939, 6.87073, 4.15823, 0.32081, 0, 0, 0.306457, 1.01054, 6.90947, 17.2957, 24.3905, 30.7857, 12.9186, 4.17335, 1.3578, 0.832681, 0.0191673)",}