{"normals":{ "x":0.723455,"y":-0.234946,"z":-0.649163,"d":0.310534},"area":1.71928,"volume":0.0810196,"covariance": 7734.84 -1034.92  8130.54
-1034.92  4518.11 -3217.75
 8130.54 -3217.75  10649.5","fpfhs":"(0, 0, 0, 0, 0, 100, 0, 0, 0, 0, 0, 0, 0, 0, 0, 0, 100, 0, 0, 0, 0, 0, 0, 0, 0.0165156, 0.119574, 2.05914, 97.498, 0.244319, 0, 0, 0.0624101, 0)",}