{"normals":{ "x":-0.0284741,"y":-0.875682,"z":-0.482047,"d":0.355676},"area":1.22484,"volume":0,"covariance":  2557.1  908.455 -1801.09
 908.455  1326.31 -2454.54
-1801.09 -2454.54  4569.65","fpfhs":"(0, 0, 0, 0, 0.0797319, 52.5426, 46.9958, 0.381943, 0, 0, 0, 0, 0, 0.261502, 9.1469, 26.5085, 42.2152, 18.1931, 3.58569, 0.0891345, 0, 0, 0.572493, 1.42511, 7.72216, 37.1714, 40.2543, 6.19241, 4.97065, 1.16079, 0.192891, 0.0125728, 0.325162)",}