{"normals":{ "x":-0.431981,"y":-0.0747248,"z":0.898781,"d":-0.436719},"area":0.864403,"volume":0.0466661,"covariance":4524.39 377.168 1955.85
377.168 2603.64 39.0518
1955.85 39.0518 1904.18","fpfhs":"(0, 0, 0, 0, 0, 60.4571, 23.1922, 16.3507, 0, 0, 0, 0, 1.64212, 0.279293, 4.04737, 5.52818, 26.9334, 9.83484, 5.90239, 12.4794, 33.3529, 0, 6.73944, 15.646, 13.5073, 3.97132, 18.3705, 32.3652, 9.13541, 0.23256, 0.0322001, 0, 0)",}