{"normals":{ "x":-0.570453,"y":0.556163,"z":0.604372,"d":-0.270712},"area":2.07146,"volume":0.114314,"covariance": 6898.74 -1297.32  6947.78
-1297.32  3819.81 -4015.92
 6947.78 -4015.92  10223.9","fpfhs":"(0, 0, 0, 0, 0, 72.4689, 27.5311, 0, 0, 0, 0, 0, 0.0872101, 3.58176, 25.8891, 17.0866, 34.5139, 12.2922, 6.51621, 0.0330011, 0, 0, 0, 1.25554, 0.513984, 32.4702, 21.4205, 35.9772, 2.52531, 3.21235, 0, 1.31248, 1.31248)",}