{"normals":{ "x":0.0283384,"y":-0.910911,"z":-0.411629,"d":0.167906},"area":3.97238,"volume":0.235167,"covariance": 12450.7  -916.85  2367.04
 -916.85  5215.72 -11055.6
 2367.04 -11055.6  24732.2","fpfhs":"(0, 0, 0, 0, 0, 54.4539, 44.2817, 1.26429, 0, 0, 0, 0.0869706, 1.08989, 9.5955, 11.5518, 28.5223, 22.6381, 23.3842, 2.14702, 0.727033, 0.257218, 0, 0.0153691, 10.6459, 18.7228, 30.8418, 29.871, 4.67644, 4.90214, 0.321319, 0, 0.00320109, 0)",}