{"normals":{ "x":0.0860222,"y":-0.794352,"z":-0.601336,"d":0.493277},"area":0.174177,"volume":0,"covariance": 2862.49 -353.323  876.245
-353.323  200.495 -314.675
 876.245 -314.675  542.492","fpfhs":"(0, 0, 0, 0, 11.8636, 88.1364, 0, 0, 0, 0, 0, 0, 0, 0, 0.0106044, 3.07524, 43.7532, 43.5477, 9.47392, 0.1394, 0, 0, 0, 0.00564663, 0.0107449, 0.0315854, 3.16428, 29.519, 60.9701, 6.24422, 0.0497232, 0.00466179, 0)",}