{"normals":{ "x":0.0252909,"y":-0.912561,"z":-0.408158,"d":0.163049},"area":3.96897,"volume":0.227518,"covariance": 12275.8 -825.573  2091.32
-825.573  4954.88   -10619
 2091.32   -10619  23963.1","fpfhs":"(0, 0, 0, 0, 0, 88.4733, 11.5267, 0, 0, 0, 0, 0, 0, 0, 0.376035, 13.4739, 48.7826, 34.247, 3.12042, 0, 0, 0, 0, 1.47789, 2.26996, 10.647, 46.5428, 30.9934, 7.6829, 0.324797, 0.028657, 0.0152632, 0.0172853)",}