{"normals":{ "x":0.0835298,"y":-0.794809,"z":-0.601084,"d":0.493205},"area":0.176551,"volume":0,"covariance": 2909.94  -361.83  882.818
 -361.83   204.32 -319.691
 882.818 -319.691  546.851","fpfhs":"(0, 0, 0, 0, 8.21183, 91.7882, 0, 0, 0, 0, 0, 0, 0, 0, 0.00685948, 2.64891, 57.7175, 32.802, 6.56413, 0.260603, 0, 0, 0, 0.00587973, 0.00097082, 0.380417, 6.12017, 42.8434, 45.9912, 3.09285, 0.0707997, 1.49431, 0)",}