{"normals":{ "x":-0.328064,"y":-0.784257,"z":-0.526607,"d":0.252977},"area":2.64569,"volume":0.146416,"covariance": 7887.61  1643.14 -6791.51
 1643.14  4887.92 -7543.36
-6791.51 -7543.36  16071.2","fpfhs":"(0, 0, 0, 0, 0.279478, 52.8915, 36.891, 9.93808, 0, 0, 0, 0.00586689, 0.852844, 5.69373, 7.67802, 18.9921, 31.8641, 17.8204, 10.6114, 6.21183, 0.267579, 0.0021712, 0, 14.1681, 16.8887, 24.641, 31.0128, 9.03671, 1.0311, 3.05191, 0.144763, 0.0250071, 0)",}