{"normals":{ "x":-0.335562,"y":-0.759747,"z":-0.55694,"d":0.260085},"area":2.21524,"volume":0.121666,"covariance": 6651.85  1053.95 -4935.18
 1053.95  4074.03 -5515.15
-4935.18 -5515.15    11136","fpfhs":"(0, 0, 0, 0, 0, 83.2367, 9.95326, 6.81004, 0, 0, 0, 0, 0.0960772, 0.0385922, 1.4405, 5.13783, 71.918, 14.308, 3.78172, 3.27927, 0, 0, 0, 0.295725, 18.0709, 4.51321, 16.1443, 57.4576, 2.56231, 0.955911, 0, 0, 0)",}