{"normals":{ "x":0.00396045,"y":-0.908232,"z":-0.418448,"d":0.162444},"area":3.56702,"volume":0.189557,"covariance": 10544.2 -418.146  732.737
-418.146  4516.05 -9419.37
 732.737 -9419.37    20509","fpfhs":"(0, 0, 0, 0, 0, 88.2672, 11.0159, 0.716947, 0, 0, 0, 0, 0.00999787, 0.0163753, 19.7167, 31.7535, 40.6977, 4.25716, 3.16816, 0.365902, 0.0145545, 0, 0, 0, 9.04038, 3.90506, 12.8725, 69.4762, 4.56804, 0.0996968, 0.038151, 0, 0)",}