{"normals":{ "x":0.102075,"y":-0.786462,"z":-0.609146,"d":0.490621},"area":0.222673,"volume":0,"covariance": 3467.01 -175.035  806.801
-175.035  172.071 -250.397
 806.801 -250.397  459.633","fpfhs":"(0, 0, 0, 0, 11.2001, 88.7999, 0, 0, 0, 0, 0, 0, 0, 0, 0.0123054, 0.283578, 34.7242, 28.011, 23.1118, 13.0624, 0.794791, 0, 0, 0, 0, 0.011594, 5.73708, 51.9155, 36.8154, 5.45242, 0.0680261, 0, 0)",}