{"normals":{ "x":-0.293136,"y":-0.782798,"z":-0.548907,"d":0.257762},"area":2.27153,"volume":0.128402,"covariance": 6335.44  1245.69 -4669.32
 1245.69  3921.54 -5651.77
-4669.32 -5651.77  11292.2","fpfhs":"(0, 0, 0, 0, 0, 87.3782, 0.0267462, 12.5951, 0, 0, 0, 0, 0, 0.0277255, 0.450585, 2.60583, 82.7833, 11.1174, 2.27026, 0.744938, 0, 0, 0, 0, 12.5657, 3.09047, 11.0737, 59.3612, 13.3623, 0.546634, 0, 0, 0)",}