{"normals":{ "x":-0.414196,"y":-0.076796,"z":0.906942,"d":-0.464702},"area":0.866899,"volume":0.0489787,"covariance":3904.13 96.3251 1449.34
96.3251 1959.68 31.1309
1449.34 31.1309 1341.88","fpfhs":"(0, 0, 0, 0, 0, 100, 0, 0, 0, 0, 0, 0, 0, 0, 0, 0, 100, 0, 0, 0, 0, 0, 0, 0, 0, 0.00992437, 2.85929, 97.0898, 0.0410304, 0, 0, 0, 0)",}