{"normals":{ "x":-0.366555,"y":-0.769554,"z":-0.522899,"d":0.462383},"area":4.50437,"volume":0.296317,"covariance": 10180.3 -229.808 -5943.43
-229.808  10963.5 -15279.3
-5943.43 -15279.3  28999.5","fpfhs":"(0, 0, 0, 0, 2.00148, 63.9498, 29.5309, 4.51779, 0, 0, 0, 0, 1.52857, 4.55508, 5.94092, 15.0702, 39.1725, 20.8392, 8.75281, 4.13315, 0.00757785, 0, 1.00195, 9.08459, 24.0565, 26.9864, 18.2461, 6.47615, 5.1418, 3.99737, 2.13101, 1.90301, 0.975114)",}