{"normals":{ "x":-0.408166,"y":-0.125023,"z":0.904306,"d":-0.456477},"area":0.858357,"volume":0.0485826,"covariance":    4148 -42.3015  1483.25
-42.3015   2003.7  44.6627
 1483.25  44.6627     1370","fpfhs":"(0, 0, 0, 0, 0, 100, 0, 0, 0, 0, 0, 0, 0, 0, 0, 0, 100, 0, 0, 0, 0, 0, 0, 0, 0, 0.0516552, 1.86415, 98.0358, 0.0483671, 0, 0, 0, 0)",}