{"normals":{ "x":-0.42013,"y":-0.12823,"z":0.898358,"d":-0.449282},"area":0.869395,"volume":0.0495753,"covariance":4329.02 12.3167 1643.77
12.3167  2137.9 67.3945
1643.77 67.3945 1504.78","fpfhs":"(0, 0, 0, 0, 0, 94.9943, 5.00566, 0, 0, 0, 0, 0, 0, 0, 0.165489, 13.2099, 42.7212, 28.742, 1.30508, 13.8563, 0, 0, 0.0146568, 0.525687, 4.66901, 4.71208, 41.503, 34.8747, 13.3204, 0.239277, 0.111372, 0.0298146, 0)",}