{"normals":{ "x":-0.418715,"y":-0.109638,"z":0.901475,"d":-0.450952},"area":0.862609,"volume":0.0490421,"covariance": 4251.45 -18.0584  1645.43
-18.0584   1969.7  36.7336
 1645.43  36.7336  1537.53","fpfhs":"(0, 0, 0, 0, 0, 87.013, 4.80923, 8.17781, 0, 0, 0, 0, 0.00720791, 0.221097, 0.893679, 3.22905, 65.3872, 14.1447, 5.5526, 4.29599, 4.23612, 2.03228, 5.59843, 2.80452, 2.34454, 4.04779, 16.5474, 52.3297, 15.5857, 0.603319, 0.138582, 0, 0)",}