{"normals":{ "x":0.279795,"y":0.143734,"z":0.949239,"d":-7.08913},"area":42.4406,"volume":5.88259,"covariance": 64983.6  27211.1 -23111.6
 27211.1  73039.1 -20114.1
-23111.6 -20114.1  10354.9","fpfhs":"(100, 0, 0, 0, 0, 0, 0, 0, 0, 0, 0, 100, 0, 0, 0, 0, 0, 0, 0, 0, 0, 0, 30.7692, 0, 0, 0, 0, 69.2308, 0, 0, 0, 0, 0)",}