{"normals":{ "x":-0.315529,"y":-0.807021,"z":-0.499158,"d":0.444491},"area":5.76538,"volume":0.419678,"covariance": 11659.3 -878.163 -5229.49
-878.163    13588 -20523.8
-5229.49 -20523.8  39087.9","fpfhs":"(0, 0, 0, 0, 0.0268518, 49.1916, 40.7355, 10.046, 0, 0, 0, 0, 0.0184996, 1.18851, 4.02461, 13.3216, 43.5011, 25.4322, 9.09947, 3.39741, 0.0166334, 0, 1.01497, 10.9559, 32.3812, 31.0644, 19.6198, 2.13738, 0.78651, 0.338901, 0.492492, 0.572939, 0.635491)",}