{"normals":{ "x":-0.0546624,"y":-0.914519,"z":-0.400832,"d":0.233216},"area":8.72142,"volume":0.583134,"covariance": 28233.8   553.56  -3516.5
  553.56    14902 -33624.8
 -3516.5 -33624.8  79401.7","fpfhs":"(0, 0, 0, 0, 0.054432, 44.0317, 47.2446, 8.66076, 0.0084888, 0, 0, 0, 0.510549, 4.26758, 13.2549, 20.4012, 22.8094, 19.5642, 14.9249, 4.08614, 0.1811, 0, 0, 2.79971, 23.8632, 31.0523, 28.6206, 10.33, 2.38317, 0.576693, 0.30846, 0.0184136, 0.0474949)",}