{"normals":{ "x":0.0131814,"y":-0.919113,"z":-0.393773,"d":0.235129},"area":9.22626,"volume":0.637172,"covariance": 30284.1  434.831 -1615.47
 434.831  16423.4 -37331.9
-1615.47 -37331.9  88432.1","fpfhs":"(0, 0, 0, 0, 0.00463136, 21.335, 70.6115, 8.04687, 0.00206731, 0, 0, 0, 0.0933132, 4.18718, 10.067, 19.0387, 26.9157, 20.9073, 16.9524, 1.78873, 0.0496359, 0, 0.75718, 2.48199, 30.755, 36.6085, 26.3472, 2.38937, 0.491248, 0.152017, 0.00831467, 0.00770454, 0.00142458)",}