{"normals":{ "x":0.290531,"y":-0.860596,"z":-0.41829,"d":0.188},"area":5.04403,"volume":0.284973,"covariance": 13538.3 -2997.72  15080.1
-2997.72  6844.98 -15375.2
 15080.1 -15375.2  41883.5","fpfhs":"(0, 0, 0, 0, 0, 99.9957, 0.00435857, 0, 0, 0, 0, 0, 0, 0, 0, 0, 99.9957, 0, 0, 0.00435857, 0, 0, 0, 0.0175935, 0.00435857, 0, 1.33712, 97.9307, 0.695241, 0.015008, 0, 0, 0)",}