{"normals":{ "x":0.238069,"y":-0.844804,"z":-0.479197,"d":0.177105},"area":2.9107,"volume":0.151578,"covariance": 7947.32 -2855.71  8931.63
-2855.71  3803.04 -7853.55
 8931.63 -7853.55  18405.9","fpfhs":"(0, 0, 0, 0, 0, 41.7374, 51.3091, 6.95347, 0, 0, 0, 0, 0.35585, 2.95898, 8.14864, 18.9586, 31.9849, 21.4548, 12.3115, 3.77802, 0.0486497, 0, 0, 2.36342, 32.1058, 27.0974, 24.5139, 13.0493, 0.806845, 0.0379181, 0.0123713, 0.0130741, 0)",}