{"normals":{ "x":-0.00235343,"y":-0.998618,"z":0.0524958,"d":0.833013},"area":18.6425,"volume":0,"covariance":43293.5 434.732 11737.3
434.732 248.762 3539.27
11737.3 3539.27 71875.6,"fpfhs":(2.08577, 0.119963, 0, 0, 6.62861, 67.5916, 21.0826, 0, 0, 1.02017, 1.47131, 0, 2.88374, 16.2932, 13.9613, 12.1249, 27.4211, 10.6811, 3.78489, 9.44032, 2.7373, 0.672231, 2.61746, 1.56908, 8.57015, 22.9009, 20.5137, 9.67007, 12.4464, 6.12943, 5.45859, 5.97611, 4.14809),}