{"normals":{ "x":-0.332951,"y":-0.939547,"z":-0.0799712,"d":-0.085552},"area":26.7923,"volume":3.00848,"covariance": 15886.4 -5653.89  3084.75
-5653.89  2745.56 -4775.87
 3084.75 -4775.87  42481.2,"fpfhs":(0, 0, 0, 0, 0, 100, 0, 0, 0, 0, 0, 0, 0, 0, 0, 4.51149, 95.4885, 0, 0, 0, 0, 0, 0, 0, 0.0138907, 0.032652, 5.75863, 68.0696, 25.6332, 0.309599, 0.0814973, 0.100862, 0),}