{"normals":{ "x":0.374466,"y":-0.892255,"z":-0.252302,"d":0.198665},"area":17.6148,"volume":2.03566,"covariance": 25551.4  8290.74  7890.64
 8290.74  11840.2 -27361.3
 7890.64 -27361.3   109512,"fpfhs":(0, 0, 0, 0, 0, 33.4767, 66.5194, 0.00391731, 0, 0, 0, 0, 0, 0.0150917, 1.39612, 16.0869, 55.2734, 26.944, 0.282148, 0.00236129, 0, 0, 0, 1.60685, 6.44728, 47.6923, 42.0312, 2.20923, 0.0103688, 0.00270491, 0, 0, 0),}