{"normals":{ "x":-0.197068,"y":-0.940497,"z":-0.276819,"d":0.79846},"area":2.69922,"volume":0,"covariance": 16718.8 -11738.5  27649.4
-11738.5   9248.4 -22650.5
 27649.4 -22650.5  56476.4,"fpfhs":(0, 0, 0, 0, 0, 100, 0, 0, 0, 0, 0, 0, 0, 0, 0, 0.213508, 99.6794, 0.107127, 0, 0, 0, 0, 0.0890963, 1.26978, 9.00472, 12.6005, 58.7254, 15.6478, 0.994672, 1.03935, 0.0914931, 0.53716, 0),}