{"normals":{ "x":0.368441,"y":-0.894687,"z":-0.252559,"d":0.198385},"area":17.6074,"volume":1.99712,"covariance": 25315.3  8105.98  7563.93
 8105.98  11556.3 -26638.4
 7563.93 -26638.4   105856,"fpfhs":(0, 0, 0, 0, 0, 53.3288, 46.6712, 0, 0, 0, 0, 0, 0, 0.00862122, 0.642723, 12.3364, 65.9767, 19.9247, 1.10737, 0.00350961, 0, 0, 0, 0.023631, 1.63237, 22.3379, 70.1887, 5.77738, 0.0399746, 0, 0, 0, 0),}