{"normals":{ "x":0.567311,"y":-0.769186,"z":-0.294127,"d":0.157932},"area":6.38815,"volume":0.492664,"covariance": 5865.24 -765.054  11584.6
-765.054  3381.67 -7863.14
 11584.6 -7863.14  39781.5,"fpfhs":(0, 0, 0, 0, 0, 62.7963, 37.2037, 0, 0, 0, 0, 0, 0, 0, 0.238958, 9.92891, 68.6415, 20.8502, 0.340438, 0, 0, 0, 0.0148275, 0.00677137, 0.308088, 12.7964, 80.9623, 5.84313, 0.0598353, 0.00866909, 0, 0, 0),}