{"normals":{ "x":0.745237,"y":0.0765804,"z":-0.662387,"d":0.899831},"area":4.15135,"volume":0.288372,"covariance": 13045.2  -6728.3  13810.1
 -6728.3  4272.47 -7037.21
 13810.1 -7037.21  14979.5,"fpfhs":(0, 0, 0.0448641, 0.842905, 1.52854, 14.3878, 45.7134, 33.4148, 4.06762, 0, 0, 0.0385742, 0.591335, 1.99484, 6.83271, 18.9844, 41.4629, 17.3824, 7.23377, 3.88403, 1.48758, 0.107392, 2.02149, 28.8005, 35.2469, 19.1444, 8.14935, 1.90845, 1.4273, 1.1488, 1.30616, 0.846641, 0),}