{"normals":{ "x":0.574407,"y":-0.754585,"z":-0.317267,"d":0.159677},"area":6.18818,"volume":0.481371,"covariance": 6135.95 -1186.09  12371.5
-1186.09  3466.38 -8223.12
 12371.5 -8223.12  39150.1,"fpfhs":(0, 0, 0, 0, 0, 56.0078, 43.9922, 0, 0, 0, 0, 0, 0, 0, 0.409456, 21.5953, 60.5783, 17.247, 0.168213, 0.00165861, 0, 0, 0.309495, 0.620385, 1.99319, 35.0714, 53.6319, 8.30402, 0.0441682, 0.0087014, 0, 0, 0.0166879),}