{"normals":{ "x":-0.17377,"y":-0.904367,"z":-0.389775,"d":0.708736},"area":17.7146,"volume":1.36493,"covariance":   23564 -16504.8  28072.2
-16504.8  14858.1   -26454
 28072.2   -26454  48457.5,"fpfhs":(0, 0, 0, 0, 0, 24.895, 67.1585, 7.91508, 0.0314255, 0, 0, 0, 0.50984, 2.04281, 16.2122, 14.915, 32.0594, 17.8277, 13.5227, 2.57214, 0.338203, 0, 0.0730555, 17.9917, 35.9714, 26.9457, 13.821, 4.37109, 0.656247, 0.1092, 0.0334731, 0.0225772, 0.00453816),}