{"normals":{ "x":0.623809,"y":-0.702401,"z":-0.342777,"d":0.164782},"area":7.09569,"volume":0.572055,"covariance": 6351.31 -1786.09  13495.3
-1786.09  4360.68 -10595.1
 13495.3 -10595.1  43970.1,"fpfhs":(0, 0, 0, 0, 0, 58.5508, 41.4492, 0, 0, 0, 0, 0, 0, 0.00372151, 0.845372, 24.7035, 50.672, 21.9644, 1.80526, 0.00573826, 0, 0, 0.00763791, 0.88582, 3.25539, 24.5295, 63.5293, 7.71117, 0.064968, 0.0162636, 0, 0, 0),}