{"normals":{ "x":-0.170257,"y":-0.89927,"z":-0.402896,"d":0.719255},"area":16.3144,"volume":1.2102,"covariance": 22864.9 -15720.8    25779
-15720.8  13614.3 -23265.5
   25779 -23265.5  40935.9,"fpfhs":(0, 0, 0, 0, 0, 78.0673, 14.2977, 6.88205, 0.752919, 0, 0, 0.0306185, 0.579896, 3.10414, 12.9339, 10.855, 69.0453, 2.20587, 0.831124, 0.324279, 0.089963, 0, 0.0918867, 6.97525, 8.83553, 6.14486, 16.2687, 61.4605, 0.223272, 0, 0, 0, 0),}