{"normals":{ "x":0.692674,"y":-0.233138,"z":0.682532,"d":-0.392879},"area":2.86759,"volume":0.232883,"covariance": 7208.23 -1713.83 -6355.58
-1713.83  3858.73  2739.28
-6355.58  2739.28  7769.95,"fpfhs":(0, 0, 0, 0, 0, 100, 0, 0, 0, 0, 0, 0, 0, 0, 0.0386451, 2.40117, 97.0691, 0.49106, 0, 0, 0, 0, 0, 0, 0.0493403, 0.191877, 5.04696, 93.4325, 1.1096, 0.163254, 0.00651143, 0, 0),}