{"normals":{ "x":0.857287,"y":-0.15579,"z":0.490702,"d":-0.534452},"area":2.80783,"volume":0.218321,"covariance": 903.371 -107.414 -1368.83
-107.414  764.168  517.823
-1368.83  517.823  2607.84,"fpfhs":(0, 0, 0, 0, 0, 100, 0, 0, 0, 0, 0, 0, 0, 0, 0, 0, 100, 0, 0, 0, 0, 0, 0, 0, 0, 0.775807, 3.29654, 93.7689, 2.15875, 0, 0, 0, 0),}