{"normals":{ "x":0.651526,"y":-0.318758,"z":0.688409,"d":-0.386232},"area":2.24227,"volume":0.183683,"covariance": 7000.71 -2134.04 -6111.81
-2134.04  4069.28  3756.25
-6111.81  3756.25   8106.7,"fpfhs":(0, 0, 0, 0, 0, 100, 0, 0, 0, 0, 0, 0, 0, 0, 0.00139001, 0.805864, 99.1848, 0.00795641, 0, 0, 0, 0, 0, 0, 1.19453, 0.284182, 9.59956, 88.8463, 0.074364, 0.0010677, 0, 0, 0),}