{"normals":{ "x":0.612264,"y":-0.3687,"z":0.699424,"d":-0.388946},"area":1.67397,"volume":0.133165,"covariance": 7145.27  -2208.4 -6246.86
 -2208.4  4159.43     4018
-6246.86     4018  8534.41,"fpfhs":(0, 0, 0, 0, 0, 100, 0, 0, 0, 0, 0, 0, 0, 0, 0, 3.16164, 96.8197, 0.018685, 0, 0, 0, 0, 0.00667028, 0, 0.0203074, 1.00747, 10.001, 88.5715, 0.382807, 0.00144297, 0.00873736, 0, 0),}