{"normals":{ "x":0.603264,"y":-0.710815,"z":-0.361683,"d":0.167924},"area":7.64424,"volume":0.600038,"covariance": 7001.39 -2396.18  14877.2
-2396.18  4876.93 -11859.9
 14877.2 -11859.9  45697.9,"fpfhs":(0, 0, 0, 0, 0, 100, 0, 0, 0, 0, 0, 0, 0, 0, 0, 0, 100, 0, 0, 0, 0, 0, 0, 0.0100648, 0.274975, 0.328672, 7.55627, 90.308, 1.18705, 0.320501, 0.0144888, 0, 0),}