{"normals":{ "x":-0.529029,"y":-0.260964,"z":0.807481,"d":-0.906522},"area":1.91279,"volume":0.120299,"covariance": 3267.11 -645.262  2016.06
-645.262  949.354 -194.618
 2016.06 -194.618  1531.76,"fpfhs":(0, 0, 0.0702132, 1.21085, 1.58886, 26.6201, 44.9476, 23.2968, 2.26559, 0, 0, 0.0278641, 1.25027, 3.61017, 11.3239, 22.1499, 29.6322, 16.3828, 7.75493, 5.74481, 2.04866, 0.0744651, 0.511035, 19.069, 29.6634, 24.9657, 15.9758, 3.97424, 1.84995, 0.982776, 1.62457, 1.34115, 0.0424976),}