{"normals":{ "x":0.289607,"y":-0.108912,"z":0.950929,"d":-6.65318},"area":41.8597,"volume":5.45126,"covariance":  108824  23771.3 -29833.9
 23771.3  19165.6 -5747.16
-29833.9 -5747.16  8559.17,"fpfhs":(0, 0, 0, 0, 0, 100, 0, 0, 0, 0, 0, 0, 0, 0, 0, 0.723775, 99.2211, 0.0551553, 0, 0, 0, 0, 0, 0, 0, 0, 0.333333, 99.6667, 0, 0, 0, 0, 0),}