{"normals":{ "x":-0.333862,"y":-0.939054,"z":-0.081935,"d":-0.0843361},"area":16.9483,"volume":2.0745,"covariance": 15133.2  -5272.7  1216.47
 -5272.7   2574.8 -4064.32
 1216.47 -4064.32  39975.8,"fpfhs":(0, 0, 0, 0, 0, 100, 0, 0, 0, 0, 0, 0, 0, 0, 0, 78.5357, 21.4643, 0, 0, 0, 0, 0, 0.00200961, 0.00184356, 0.163216, 14.6051, 32.3195, 34.153, 13.2861, 2.88113, 0.00954351, 0.0146313, 2.56391),}