{"normals":{ "x":0.0752819,"y":-0.964771,"z":-0.25209,"d":0.737702},"area":54.1372,"volume":7.69525,"covariance": 55826.2  10111.3 -22956.7
 10111.3   8995.9 -30718.5
-22956.7 -30718.5   111457,"fpfhs":(18.4377, 12.3449, 3.55787, 3.5936, 12.2507, 35.1169, 3.54512, 1.22605, 1.12884, 2.23443, 6.56391, 1.11523, 1.78604, 3.83417, 7.95988, 10.943, 15.6581, 11.2342, 7.78144, 5.24736, 11.8494, 22.5913, 4.54438, 8.61695, 16.2129, 10.8956, 15.4428, 9.60308, 15.5786, 10.0131, 2.92154, 5.33053, 0.840452),}