{"normals":{ "x":0.190729,"y":-0.981218,"z":0.028858,"d":-0.13013},"area":13.8286,"volume":1.47146,"covariance":15875.1 2463.75  -12148
2463.75 997.655 -127.02
 -12148 -127.02   52993,"fpfhs":(0, 0, 0, 0, 5.15997, 94.84, 0, 0, 0, 0, 0, 0, 0, 0, 0, 12.278, 75.4009, 12.3212, 0, 0, 0, 0, 0, 0.247462, 0.0160232, 0.0348291, 1.65625, 35.0438, 58.1414, 3.37957, 0.748403, 0.683185, 0.0490377),}