{"normals":{ "x":-0.348123,"y":-0.934375,"z":-0.0758526,"d":-0.104429},"area":15.6774,"volume":1.86817,"covariance": 15084.5  -6138.4  5166.28
 -6138.4   2765.9 -3598.79
 5166.28 -3598.79    19005,"fpfhs":(0, 0, 0, 0, 0, 100, 0, 0, 0, 0, 0, 0, 0, 0, 0, 2.51127, 97.4171, 0.071651, 0, 0, 0, 0, 0.00903283, 1.30106, 0.8005, 3.33656, 9.06859, 64.9945, 19.2924, 1.02108, 0.0953837, 0.0809369, 0),}