{"normals":{ "x":-0.283711,"y":-0.759088,"z":-0.585913,"d":2.90869},"area":37.6618,"volume":5.15016,"covariance": 26005.7 -4149.39 -7299.84
-4149.39  5512.99 -5049.77
-7299.84 -5049.77  10196.4,"fpfhs":(86.2339, 0, 0, 0, 0, 13.7661, 0, 0, 0, 0, 0, 86.2339, 0, 0, 0, 0, 13.7661, 0, 0, 0, 0, 0, 87.3992, 1.81759, 0, 0, 0, 6.35166, 0, 0, 0.166114, 2.55219, 1.71325),}