{"normals":{ "x":0.195791,"y":-0.980258,"z":0.0275638,"d":-0.12557},"area":14.5492,"volume":1.58381,"covariance": 17076.9   2847.6 -12467.6
  2847.6  1101.75 -95.1726
-12467.6 -95.1726  59258.9,"fpfhs":(0, 0, 0, 0, 0.168242, 99.8318, 0, 0, 0, 0, 0, 0, 0, 0, 0.0162839, 4.11692, 66.996, 28.5703, 0.300506, 0, 0, 0, 0.887228, 0.556084, 1.78881, 3.51828, 9.12827, 30.3762, 50.6624, 2.47252, 0.485571, 0.0660721, 0.0585868),}