{"normals":{ "x":-0.347531,"y":-0.934857,"z":-0.0725538,"d":-0.114209},"area":14.5928,"volume":1.69627,"covariance": 15490.8 -6228.96  4536.93
-6228.96  2763.86 -3322.27
 4536.93 -3322.27  20240.8,"fpfhs":(0, 0, 0, 0, 0.204229, 99.7958, 0, 0, 0, 0, 0, 0, 0, 0.0851333, 0.12626, 7.02341, 92.7652, 0, 0, 0, 0, 0, 0, 0.0479068, 0.0412452, 0.157485, 4.93414, 87.9445, 6.44047, 0.134524, 0.157218, 0.142549, 0),}