{"normals":{ "x":0.887714,"y":-0.460142,"z":0.0152585,"d":0.736861},"area":23.8332,"volume":3.10452,"covariance": 1653.13  2845.66 -6116.88
 2845.66  5140.92 -10506.1
-6116.88 -10506.1  33511.1,"fpfhs":(2.51446, 0, 0.810815, 0, 0, 94.5742, 0, 1.10855, 0.991986, 0, 0, 0, 0, 0, 5.0412, 43.9838, 39.9071, 5.64203, 0, 0, 0, 5.42581, 2.04399, 0.261533, 0, 5.83762, 52.9744, 19.0327, 14.93, 1.53798, 0.261533, 0.971412, 2.14888),}