{"normals":{ "x":0.198558,"y":-0.979604,"z":0.0308275,"d":-0.128945},"area":15.2141,"volume":1.6398,"covariance": 17393.3  2922.81 -12016.5
 2922.81  1120.82  340.628
-12016.5  340.628  60288.3,"fpfhs":(0, 0, 0, 0, 6.33837, 93.6616, 0, 0, 0, 0, 0, 0, 0, 0, 0, 43.6292, 53.2989, 3.01344, 0, 0, 0.058541, 0, 0.14659, 0.00348337, 0.356921, 2.689, 4.66238, 11.0451, 74.5151, 1.33488, 5.08031, 0.00704268, 0.159217),}