{"normals":{ "x":-0.344807,"y":-0.935922,"z":-0.0718226,"d":-0.120447},"area":26.0004,"volume":2.77428,"covariance": 15291.6 -5992.84  3547.92
-5992.84  2593.97 -2857.63
 3547.92 -2857.63  20051.4,"fpfhs":(0, 0, 0, 0, 1.03602, 98.964, 0, 0, 0, 0, 0, 0, 0, 0, 0.0322475, 0.219463, 90.1177, 9.54399, 0.0865728, 0, 0, 0, 0, 0, 1.70546, 0.0244862, 4.80289, 73.3621, 15.03, 0.541055, 0.224759, 3.21696, 1.09226),}