{"normals":{ "x":0.775846,"y":0.0146668,"z":0.630751,"d":-0.531191},"area":6.49214,"volume":0.626396,"covariance":   16227  455.125 -19112.8
 455.125  2785.77 -785.056
-19112.8 -785.056  23858.9,"fpfhs":(0, 0, 0, 0, 0, 100, 0, 0, 0, 0, 0, 0, 0, 0, 0, 11.9613, 86.3649, 1.67386, 0, 0, 0, 0, 0, 0.0180022, 0.0507674, 1.38502, 10.6592, 65.1108, 19.3116, 1.40915, 1.33269, 0.722837, 0),}