{"normals":{ "x":-0.282097,"y":-0.941448,"z":0.184652,"d":-1.07807},"area":27.5988,"volume":3.70804,"covariance": 21807.5 -4309.11  10747.2
-4309.11  1165.58 -791.113
 10747.2 -791.113  12764.3,"fpfhs":(0.0659858, 0.279454, 0.197834, 0.241956, 22.3832, 65.8339, 8.54857, 1.86309, 0.270866, 0.156001, 0.159159, 3.57313, 4.82416, 4.51337, 8.76964, 10.2936, 17.6647, 16.8026, 5.91289, 11.2537, 10.3977, 5.99458, 1.13059, 4.17835, 11.4034, 13.5006, 11.8128, 0.685788, 12.0329, 37.8598, 5.04768, 2.13198, 0.216148),}