{"normals":{ "x":0.145637,"y":0.24519,"z":0.958474,"d":-0.588123},"area":0.615068,"volume":0.0262584,"covariance": 2362.19 -463.322 -205.963
-463.322  1219.49 -229.066
-205.963 -229.066  206.056,"fpfhs":(0, 0, 0, 0, 0, 100, 0, 0, 0, 0, 0, 0, 0, 0, 0, 0, 100, 0, 0, 0, 0, 0, 0, 0.119605, 0.0640028, 1.59534, 12.2231, 81.5083, 2.16124, 1.05269, 0.609038, 0.666665, 0),}