{"normals":{ "x":-0.461279,"y":-0.837318,"z":-0.293462,"d":0.187973},"area":6.85971,"volume":0.715272,"covariance": 10844.1  80.7017 -16166.2
 80.7017  2226.22 -4567.17
-16166.2 -4567.17  38782.2,"fpfhs":(0, 0, 0, 0, 0, 100, 0, 0, 0, 0, 0, 0, 0, 0, 0, 0, 100, 0, 0, 0, 0, 0, 0, 0.0254926, 0.955755, 0.0897054, 6.48576, 86.4164, 5.61996, 0.285795, 0.105285, 0.00937201, 0.00649087),}