{"normals":{ "x":0.785551,"y":0.105387,"z":0.609756,"d":-0.452452},"area":6.03605,"volume":0.616385,"covariance": 26357.5  995.424   -33005
 995.424  7052.09 -2414.64
  -33005 -2414.64  43889.8,"fpfhs":(0, 0, 0, 0, 0, 100, 0, 0, 0, 0, 0, 0, 0, 0, 0, 0.0714577, 99.8383, 0.090183, 0, 0, 0, 0, 0.00620299, 0, 0.274756, 1.56825, 12.9872, 80.1572, 3.83817, 0.62789, 0.149867, 0.390455, 0),}