{"normals":{ "x":0.998094,"y":0.0386186,"z":-0.0481397,"d":0.140109},"area":15.2322,"volume":1.71407,"covariance": 277.718 -1234.25  3099.69
-1234.25  8915.81 -17961.3
 3099.69 -17961.3  48735.3,"fpfhs":(0, 0, 0, 0, 0, 100, 0, 0, 0, 0, 0, 0, 0, 0, 0, 0, 100, 0, 0, 0, 0, 0, 0.0272253, 0.00594303, 1.12435, 0.205952, 4.57936, 88.5175, 5.30287, 0.068684, 0.14405, 0.00812204, 0.0159214),}