{"normals":{ "x":0.738197,"y":-0.47351,"z":-0.480472,"d":2.0308},"area":17.338,"volume":2.1159,"covariance":    3168 -2122.46  6992.32
-2122.46  7120.19 -10509.9
 6992.32 -10509.9  21824.3,"fpfhs":(0, 0, 0, 3.13892, 62.9446, 33.3342, 0.582274, 0, 0, 0, 0, 0, 0.066946, 0.229702, 2.91643, 18.4606, 53.2486, 14.9446, 6.43948, 3.69368, 0, 0, 0, 0.0273641, 0.505892, 1.19048, 1.09494, 1.4806, 23.8716, 41.9757, 26.2813, 2.54407, 1.02802),}