{"normals":{ "x":-0.102689,"y":-0.95203,"z":-0.28826,"d":0.240845},"area":53.6855,"volume":7.57368,"covariance":42828.2 -9166.1 15449.6
-9166.1 33608.4 -104713
15449.6 -104713  340256,"fpfhs":(0, 0, 0, 0.0207099, 0.754707, 99.1901, 0.0344909, 0, 0, 0, 0, 0, 0.00414198, 0.0724984, 0.201031, 5.88747, 91.0029, 2.76031, 0.0647358, 0.00692744, 0, 0, 0, 0, 0.019125, 3.09858, 18.1469, 76.2731, 1.32795, 0.186614, 0.248693, 0.664824, 0.0342181),}