{"normals":{ "x":0.00334846,"y":-0.933775,"z":-0.357846,"d":1.23422},"area":67.209,"volume":9.41572,"covariance": 51356.7 -9905.46  25576.2
-9905.46  24942.2 -64680.9
 25576.2 -64680.9   170466,"fpfhs":(0, 0, 0, 0, 0, 100, 0, 0, 0, 0, 0, 0, 0, 0, 0, 8.24575, 76.2033, 15.551, 0, 0, 0, 0, 0.265487, 0.323452, 0.764674, 4.00667, 16.4664, 41.5264, 31.5647, 3.45979, 1.29184, 0.116016, 0.214555),}