{"normals":{ "x":0.195759,"y":0.180766,"z":0.963847,"d":-6.21906},"area":51.0519,"volume":7.19101,"covariance":  209628  37990.3 -50026.3
 37990.3  52209.6 -16666.7
-50026.3 -16666.7  13673.2,"fpfhs":(1.18385, 0, 0, 0, 0, 98.8161, 0, 0, 0, 0, 0, 1.18385, 0, 0, 0, 0, 98.8161, 0, 0, 0, 0, 0, 0, 0, 0, 0, 0, 100, 0, 0, 0, 0, 0),}