{"normals":{ "x":0.756215,"y":-0.0218264,"z":-0.653959,"d":0.427731},"area":2.86529,"volume":0.210883,"covariance":7447.87 2275.22 7478.99
2275.22 2579.69 2454.71
7478.99 2454.71 9168.81,"fpfhs":(0, 0, 0, 0, 0, 100, 0, 0, 0, 0, 0, 0, 0, 0, 0, 0, 100, 0, 0, 0, 0, 0, 0, 0, 0.0857635, 0.550141, 9.2525, 89.3247, 0.781689, 0.00523181, 0, 0, 0),}