{"normals":{ "x":-0.0013622,"y":-0.998486,"z":0.0549862,"d":0.825434},"area":38.704,"volume":3.942,"covariance":36456.2 310.707 7054.27
310.707  205.05 2763.55
7054.27 2763.55 51891.3,"fpfhs":(2.00774, 0, 0, 0, 0, 80.4215, 17.4138, 0.156937, 0, 0, 0, 2.00774, 0, 0, 7.48665, 23.7662, 47.262, 14.8537, 4.62372, 0, 0, 0, 7.69496, 9.39148, 14.0468, 18.4764, 20.4688, 6.61595, 7.2209, 1.7907, 5.92631, 3.72318, 4.64452),}