{"normals":{ "x":-0.157823,"y":-0.954087,"z":-0.254577,"d":0.355185},"area":44.0712,"volume":6.12747,"covariance": 47556.4 -23939.1    60363
-23939.1    27956 -87741.3
   60363 -87741.3   290749,"fpfhs":(0, 0, 0.253232, 0.172238, 23.6554, 61.4701, 11.5586, 2.88813, 0.00232368, 0, 0, 10.3944, 13.8261, 5.50954, 7.39148, 12.7489, 14.5803, 6.10297, 20.0122, 4.74712, 2.12218, 2.56485, 0.928228, 3.71079, 5.14238, 9.26784, 18.0741, 8.29144, 31.5992, 14.7781, 5.39062, 2.78234, 0.0349751),}