{"normals":{ "x":0.979176,"y":0.0357898,"z":-0.199832,"d":1.09425},"area":31.5427,"volume":4.19835,"covariance": 4708.88 -5065.36    22092
-5065.36  18642.2 -22545.3
   22092 -22545.3   110076,"fpfhs":(0.0153303, 0.00732899, 0.0893394, 0.073154, 31.0794, 66.4532, 0.575671, 0.57938, 1.11977, 0.00732899, 0, 0.0238035, 0.0330245, 0.775016, 7.16547, 10.757, 33.9455, 30.4799, 14.2591, 1.61593, 0.196921, 0.74835, 0.0298042, 0.0367885, 0.11755, 3.70832, 5.72251, 7.57226, 36.9132, 32.7902, 9.45485, 1.8018, 1.85274),}