{"normals":{ "x":0.162665,"y":0.156964,"z":0.974116,"d":-6.69427},"area":22.8351,"volume":2.99015,"covariance": 26029.9  9257.13 -5758.18
 9257.13  16668.3 -3969.16
-5758.18 -3969.16  1740.81,"fpfhs":(85.1699, 0, 0, 0, 0, 14.8301, 0, 0, 0, 0, 0, 85.1699, 0, 0, 0, 0, 14.8301, 0, 0, 0, 0, 0, 83.9415, 0, 0, 0, 0, 16.0585, 0, 0, 0, 0, 0),}