{"normals":{ "x":-0.423584,"y":-0.876965,"z":-0.226954,"d":0.905219},"area":48.4373,"volume":6.68149,"covariance": 19692.2 -11941.9  10757.1
-11941.9    11073 -20079.9
 10757.1 -20079.9  56068.5,"fpfhs":(9.53354, 4.85405, 0.1434, 1.57648, 7.07348, 38.8573, 14.8665, 1.81677, 11.3399, 5.00529, 4.93328, 0.333772, 1.5934, 5.64509, 6.35443, 7.06319, 9.02626, 7.97044, 2.76832, 0.8102, 6.63693, 51.7979, 4.12209, 9.9897, 17.9525, 19.0687, 22.1586, 6.64959, 9.38037, 5.875, 0.889786, 2.32488, 1.58868),}