{"normals":{ "x":0.716256,"y":-0.294792,"z":-0.632514,"d":0.451575},"area":5.42868,"volume":0.530036,"covariance":   18361 -20.7615  20130.4
-20.7615   4429.7 -2017.87
 20130.4 -2017.87  24790.8,"fpfhs":(0, 0, 0, 0, 0, 100, 0, 0, 0, 0, 0, 0, 0, 0, 0, 0.232393, 99.765, 0.00259134, 0, 0, 0, 0, 1.95698, 0.0359153, 0.113196, 0.374931, 12.5106, 83.7205, 1.09432, 0.0942722, 0.0492285, 0.0501102, 0),}