{"normals":{ "x":-0.0416602,"y":-0.953724,"z":-0.297785,"d":0.6867},"area":3.00125,"volume":0,"covariance": 17477.3 -157.291 -2022.99
-157.291  692.914    -2119
-2022.99    -2119  7027.89,"fpfhs":(0, 0, 0, 0, 0, 100, 0, 0, 0, 0, 0, 0, 0, 0, 0, 3.71012, 54.5562, 41.7337, 0, 0, 0, 0, 0, 3.09898, 3.11021, 5.71529, 43.5232, 33.4754, 8.40807, 0.459207, 0.281174, 1.92845, 0),}