{"normals":{ "x":0.0358926,"y":-0.995207,"z":-0.090962,"d":-0.00572479},"area":14.6333,"volume":1.31184,"covariance": 16959.6   1296.1 -11710.1
  1296.1  649.734 -3450.01
-11710.1 -3450.01    50776,"fpfhs":(0, 0, 0, 0, 0, 100, 0, 0, 0, 0, 0, 0, 0, 0, 0, 0.0238113, 99.9482, 0.0279774, 0, 0, 0, 0, 0.0269413, 0, 0.0675823, 0.737163, 12.159, 85.0781, 1.44587, 0.0202697, 0.427422, 0, 0.0376567),}