{"normals":{ "x":0.0757229,"y":0.112726,"z":0.990736,"d":-0.633877},"area":0.316554,"volume":0.0085414,"covariance": 981.139  -7.8456 -72.7912
 -7.8456  380.969 -41.0051
-72.7912 -41.0051  28.2271,"fpfhs":(0, 0, 0, 0, 0, 100, 0, 0, 0, 0, 0, 0, 0, 0, 0, 0, 99.9964, 0.0036231, 0, 0, 0, 0, 0.115069, 0.33101, 0.386445, 1.587, 17.531, 74.3872, 4.69989, 0.563798, 0.229017, 0.169591, 0),}