{"normals":{ "x":0.0694879,"y":0.135995,"z":0.98827,"d":-0.645775},"area":0.3795,"volume":0.0110283,"covariance": 1200.48  -13.413 -81.4758
 -13.413  655.666  -87.416
-81.4758  -87.416  36.6951,"fpfhs":(0, 0, 0, 0, 0, 100, 0, 0, 0, 0, 0, 0, 0, 0, 0, 1.94189, 97.9762, 0.0818925, 0, 0, 0, 0, 0, 1.19521, 0.790444, 0.954956, 14.9751, 70.3657, 11.2613, 0.301858, 0.155429, 0, 0),}