{"normals":{ "x":-0.0438369,"y":-0.97568,"z":-0.21477,"d":0.601288},"area":1.88115,"volume":0,"covariance": 20030.7  40.8887 -4305.77
 40.8887  309.423 -1247.85
-4305.77 -1247.85  6220.31,"fpfhs":(0, 0, 0, 0, 0.464918, 99.5351, 0, 0, 0, 0, 0, 0, 0, 0, 0, 31.356, 42.7904, 14.5334, 6.39093, 4.92932, 0, 0, 4.9259, 0, 1.3006, 5.57072, 61.1252, 9.90285, 2.40346, 12.06, 0.612667, 1.04929, 1.04929),}