{"normals":{ "x":0.0403482,"y":-0.983049,"z":0.178849,"d":-0.252984},"area":9.84105,"volume":0.942595,"covariance": 12521.2 -209.708 -3424.29
-209.708  1575.98  6642.67
-3424.29  6642.67  38742.8,"fpfhs":(0, 0, 0, 0, 0, 83.377, 16.6229, 0, 0, 0, 0, 0, 0, 0, 0.0286975, 15.9637, 66.2564, 17.7512, 0, 0, 0, 0, 0, 0, 0.171612, 7.32128, 67.2467, 25.2302, 0.0301201, 0, 0, 0, 0),}