{"normals":{ "x":-0.238157,"y":-0.819913,"z":-0.520599,"d":1.54488},"area":21.3704,"volume":2.55765,"covariance": 26742.1  3552.48 -17018.8
 3552.48  2159.34 -4763.79
-17018.8 -4763.79    14753,"fpfhs":(0, 0, 0, 0, 0.136508, 93.282, 6.58154, 0, 0, 0, 0, 0, 0, 0, 2.65113, 9.61002, 52.3365, 33.4836, 1.49712, 0.421644, 0, 0, 3.54867, 0, 3.93952, 7.99024, 44.7996, 11.0925, 27.3165, 1.18477, 0, 0.128172, 0),}