{"normals":{ "x":0.0382362,"y":-0.983803,"z":0.175125,"d":-0.247814},"area":10.3809,"volume":0.993434,"covariance": 12842.7 -142.176 -3071.34
-142.176   1656.5  7130.44
-3071.34  7130.44  41924.2,"fpfhs":(0, 0, 0, 0, 0, 95.4892, 4.51087, 0, 0, 0, 0, 0, 0, 0, 0.0396955, 24.2347, 63.3794, 12.3463, 0, 0, 0, 0, 0.776145, 0, 0.0100892, 0.676355, 59.4852, 38.9912, 0.0494615, 0.00482635, 0.00680034, 0, 0),}