{"normals":{ "x":-0.0117993,"y":-0.998736,"z":0.048855,"d":0.842587},"area":17.8935,"volume":0,"covariance":41306.4 208.204 10491.5
208.204 213.916 3131.32
10491.5 3131.32   68417,"fpfhs":(14.0142, 6.19591, 0.44875, 0.913085, 4.744, 15.0171, 2.09822, 7.31056, 0.424916, 12.382, 36.4512, 6.49093, 11.9218, 6.45568, 19.3843, 26.9036, 16.5354, 1.86699, 1.24426, 1.20658, 0.468114, 7.52238, 0.698028, 7.33924, 0.907341, 27.2864, 8.15899, 0.344027, 8.90974, 25.0456, 19.5541, 1.26952, 0.48692),}