{"normals":{ "x":0.0412264,"y":-0.982888,"z":0.179531,"d":-0.251398},"area":9.90926,"volume":0.952926,"covariance": 12123.2   -166.2 -3136.77
  -166.2  1612.57  6769.15
-3136.77  6769.15  38734.3,"fpfhs":(0, 0, 0, 0, 0, 88.7062, 11.2938, 0, 0, 0, 0, 0, 0, 0, 0, 20.689, 66.6224, 12.6887, 0, 0, 0, 0, 0, 0, 0.499079, 1.81618, 63.7269, 33.9087, 0.0357526, 0.00955683, 0, 0.00376559, 0),}