{"normals":{ "x":-0.242601,"y":-0.813901,"z":-0.52793,"d":1.55791},"area":23.4244,"volume":2.70478,"covariance": 26582.3  3746.41 -17428.5
 3746.41  2245.21 -4982.28
-17428.5 -4982.28  15314.3,"fpfhs":(24.4596, 0, 0, 0, 2.4055, 52.1737, 6.69156, 0, 0, 0, 14.2696, 0, 0, 7.34191, 6.10677, 27.7022, 22.6864, 9.56574, 26.597, 0, 0, 0, 0.609417, 0, 2.51889, 14.9035, 25.3413, 32.0237, 16.0478, 7.36876, 0.593335, 0, 0.593335),}