{"normals":{ "x":0.235992,"y":0.00333841,"z":0.971749,"d":-6.53324},"area":44.2883,"volume":6.01617,"covariance":  123249  13120.6   -30604
 13120.6  23944.3 -3867.72
  -30604 -3867.72  7994.67,"fpfhs":(0, 0, 0, 0, 0, 100, 0, 0, 0, 0, 0, 0, 0, 0, 0, 0, 100, 0, 0, 0, 0, 0, 0, 0, 0, 0, 0, 100, 0, 0, 0, 0, 0),}