{"normals":{ "x":0.230968,"y":-0.972637,"z":0.0251115,"d":-0.117986},"area":15.9907,"volume":1.77257,"covariance": 12733.1  2651.86 -4814.81
 2651.86  1138.61  736.775
-4814.81  736.775  48482.3,"fpfhs":(0, 0, 0, 0, 0.137312, 99.8627, 0, 0, 0, 0, 0, 0, 0, 0, 0.0167536, 1.94292, 89.0046, 9.02273, 0.0129575, 0, 0, 0, 0, 0.0734322, 1.54244, 2.51585, 10.1114, 36.9989, 45.306, 1.57236, 0.0717406, 1.78253, 0.0252557),}