{"normals":{ "x":0.0662727,"y":-0.965089,"z":-0.253399,"d":0.754593},"area":53.6593,"volume":7.60634,"covariance": 61710.4  6534.77 -10208.3
 6534.77  7764.32 -27207.1
-10208.3 -27207.1   101855,"fpfhs":(1.37235, 3.02752, 0.383548, 3.67997, 18.2657, 31.7759, 21.9349, 7.97034, 6.94518, 2.59919, 2.04541, 9.22471, 4.9997, 11.8134, 7.29393, 6.32431, 8.17914, 10.162, 5.72599, 7.52404, 7.62209, 21.1308, 10.23, 12.1706, 11.757, 14.2867, 12.5287, 2.75142, 8.92721, 10.2649, 8.01217, 5.86962, 3.20163),}