{"normals":{ "x":0.230745,"y":-0.935421,"z":-0.267851,"d":0.0942302},"area":13.0237,"volume":1.21124,"covariance":12284.4 2170.69 191.151
2170.69 4638.79  -13776
191.151  -13776   49960,"fpfhs":(0, 0, 0, 0, 0, 100, 0, 0, 0, 0, 0, 0, 0, 0, 0, 0, 46.6369, 53.3631, 0, 0, 0, 0, 0.265439, 0, 0, 0.036171, 4.46213, 87.4303, 5.94253, 1.54711, 0.0600024, 0, 0.256333),}