{"normals":{ "x":0.576548,"y":-0.629931,"z":-0.520365,"d":0.362161},"area":5.19777,"volume":0.462638,"covariance": 13515.2 -730.959    13941
-730.959  5108.87    -5518
   13941    -5518  22012.5,"fpfhs":(0, 0, 0, 0, 0, 99.473, 0.526993, 0, 0, 0, 0, 0, 0, 0, 0, 0.281102, 98.8966, 0.822276, 0, 0, 0, 0, 0, 0, 0, 0.574495, 23.953, 75.461, 0.0115252, 0, 0, 0, 0),}