{"normals":{ "x":-0.453057,"y":-0.890925,"z":0.0315055,"d":-0.141432},"area":4.64683,"volume":0.444351,"covariance": 7054.75 -3291.72  3457.46
-3291.72  1661.08 -1667.19
 3457.46 -1667.19  6336.97,"fpfhs":(0, 0, 0, 0, 0, 100, 0, 0, 0, 0, 0, 0, 0, 0, 0, 0, 78.7524, 21.2476, 0, 0, 0, 0, 0, 0, 0, 0.297936, 36.5481, 62.8637, 0.136013, 0.154183, 0, 0, 0),}