{"normals":{ "x":0.579131,"y":0.569185,"z":0.58364,"d":-0.412999},"area":3.54525,"volume":0.276443,"covariance": 17513.4  2829.75 -19002.7
 2829.75   8185.6 -9839.73
-19002.7 -9839.73  29362.6,"fpfhs":(0, 0, 0, 0, 0, 75.1343, 24.8657, 0, 0, 0, 0, 0, 0, 0, 0.256125, 26.5112, 55.2583, 17.9513, 0.0230976, 0, 0, 0, 0, 0, 0.0197766, 2.04289, 55.8769, 42.0317, 0.0288256, 0, 0, 0, 0),}