{"normals":{ "x":0.579485,"y":0.570066,"z":0.582427,"d":-0.41244},"area":3.57508,"volume":0.278351,"covariance": 17562.6  2857.48 -19143.6
 2857.48  8218.86 -9969.59
-19143.6 -9969.59    29765,"fpfhs":(0, 0, 0, 0, 0, 76.1221, 23.8779, 0, 0, 0, 0, 0, 0, 0, 0.542306, 26.1375, 54.8432, 18.4623, 0.0146839, 0, 0, 0, 0, 0, 0, 2.35252, 55.3591, 42.2516, 0.0367686, 0, 0, 0, 0),}