{"normals":{ "x":0.604947,"y":0.536635,"z":0.58827,"d":-0.367047},"area":2.95516,"volume":0.220011,"covariance": 15326.3  1917.48 -15948.5
 1917.48  7080.16 -7332.83
-15948.5 -7332.83  23515.2,"fpfhs":(0, 0, 0, 0, 0, 71.3753, 28.6248, 0, 0, 0, 0, 0, 0, 0, 0.144712, 25.4069, 55.2713, 19.1524, 0.0246897, 0, 0, 0, 0, 0, 0, 1.56688, 55.3053, 43.1166, 0.0111852, 0, 0, 0, 0),}