{"normals":{ "x":0.670139,"y":0.613031,"z":0.418458,"d":-0.326855},"area":13.4485,"volume":1.48471,"covariance": 29641.5  2403.22   -48895
 2403.22  10590.9 -17578.5
  -48895 -17578.5   104086,"fpfhs":(0, 0, 0, 0, 0, 100, 0, 0, 0, 0, 0, 0, 0, 0, 0, 2.21738, 97.6394, 0.143266, 0, 0, 0, 0, 0, 0.0451763, 0.0884784, 0.155529, 10.1221, 89.249, 0.216813, 0.00931557, 0.113625, 0, 0),}