{"normals":{ "x":-0.155128,"y":-0.891886,"z":-0.424823,"d":0.801452},"area":3.48213,"volume":0,"covariance": 21232.2  4589.51 -17114.4
 4589.51  2930.62 -7622.24
-17114.4 -7622.24  21912.8,"fpfhs":(0, 0, 0, 0, 3.57217, 96.4278, 0, 0, 0, 0, 0, 0, 0, 0, 1.84606, 14.1318, 22.5547, 1.48824, 0, 38.5918, 21.3875, 0, 0.167428, 0.46666, 2.99251, 6.9942, 31.9952, 23.1852, 20.3859, 11.7456, 1.50433, 0.132736, 0.43025),}