{"normals":{ "x":0.131829,"y":0.419319,"z":0.898216,"d":-0.531883},"area":0.601994,"volume":0.0265255,"covariance": 2706.53 -101.563 -295.884
-101.563  3143.22  -1280.8
-295.884  -1280.8  1008.39,"fpfhs":(0, 0, 0, 0, 0, 100, 0, 0, 0, 0, 0, 0, 0, 0, 0, 1.06818, 91.7653, 7.16648, 0, 0, 0, 0, 0, 0.0154514, 0.650968, 0.0529387, 9.0552, 88.1188, 1.59317, 0.0989624, 0.390313, 0.0153068, 0.00886431),}