{"normals":{ "x":-0.131308,"y":-0.897949,"z":-0.420055,"d":0.850818},"area":19.0438,"volume":1.87504,"covariance": 51265.5  1877.33 -21532.2
 1877.33   5053.6 -11912.7
-21532.2 -11912.7  34382.5,"fpfhs":(0, 0, 0, 0, 1.90147, 90.7675, 7.33099, 0, 0, 0, 0, 0, 17.1675, 12.1581, 0, 34.2427, 35.666, 0.765739, 0, 0, 0, 0, 1.15147, 1.88982, 2.12066, 7.90271, 14.3235, 33.2546, 31.4545, 0.140802, 0.999875, 4.33178, 2.43032),}