{"normals":{ "x":0.131786,"y":0.410995,"z":0.902062,"d":-0.534216},"area":0.599311,"volume":0.0260967,"covariance": 2692.01  -62.754 -312.678
 -62.754  3139.63 -1259.13
-312.678 -1259.13  976.494,"fpfhs":(0, 0, 0, 0, 0, 100, 0, 0, 0, 0, 0, 0, 0, 0, 0, 0.0879269, 99.0405, 0.871629, 0, 0, 0, 0, 0, 0, 0.322962, 0.365432, 4.93035, 91.2208, 2.54081, 0.145955, 0.473678, 0, 0),}