{"normals":{ "x":-0.125934,"y":-0.918545,"z":-0.37472,"d":0.783072},"area":3.65087,"volume":0,"covariance": 46827.6  317.737 -16749.7
 317.737  3655.12    -8879
-16749.7    -8879  27285.9,"fpfhs":(0, 0, 0, 0, 0, 100, 0, 0, 0, 0, 0, 0, 0, 0, 1.27069, 33.5824, 63.2917, 1.8553, 0, 0, 0, 0, 0, 1.03509, 1.38234, 7.1215, 24.5982, 39.6471, 21.3055, 2.9358, 0.960496, 0, 1.01399),}