{"normals":{ "x":0.916012,"y":0.376209,"z":-0.139242,"d":-0.278271},"area":2.38282,"volume":0,"covariance":  9793.1 -11425.1  32918.6
-11425.1  13619.3 -38305.6
 32918.6 -38305.6   112090,"fpfhs":(0, 0, 0, 0, 0, 100, 0, 0, 0, 0, 0, 0, 0, 0, 0, 0, 99.9956, 0.00439078, 0, 0, 0, 0, 0, 0.238143, 0.0233398, 1.58864, 16.9042, 76.8587, 2.74766, 1.19349, 0.445852, 0, 0),}