{"normals":{ "x":0.0803699,"y":-0.916152,"z":0.392691,"d":-0.17902},"area":6.10631,"volume":0.558441,"covariance": 9921.25 -365.059 -1663.59
-365.059  8104.17    16152
-1663.59    16152  36373.3,"fpfhs":(0, 0, 0, 0, 0, 99.4387, 0.561288, 0, 0, 0, 0, 0, 0, 0, 0, 11.2286, 77.1928, 11.5787, 0, 0, 0, 0, 0, 0, 0, 1.20519, 53.5384, 45.2485, 0.00783976, 0, 0, 0, 0),}