{"normals":{ "x":-0.109897,"y":-0.937107,"z":-0.331289,"d":0.627383},"area":1.20474,"volume":0,"covariance": 11723.6 -831.793 -1520.12
-831.793  436.873   -942.4
-1520.12   -942.4  3168.65,"fpfhs":(0, 0, 0, 0, 0.262349, 89.7123, 10.0253, 0, 0, 0, 0, 0, 21.6154, 11.6792, 21.7156, 13.2416, 31.3898, 0.358457, 0, 0, 0, 0, 0, 2.34336, 0.144175, 5.92487, 53.3491, 23.4369, 12.5457, 0.37257, 1.88326, 0, 0),}