{"normals":{ "x":0.0606206,"y":0.582162,"z":0.81081,"d":-0.416403},"area":0.187956,"volume":0.00321567,"covariance": 734.739 -71.6529  -3.1366
-71.6529  45.6743 -24.0329
 -3.1366 -24.0329  22.1642,"fpfhs":(0, 0, 0, 0, 0, 100, 0, 0, 0, 0, 0, 0, 0, 0, 0, 0.143697, 99.715, 0.141348, 0, 0, 0, 0, 0, 0, 0, 1.38727, 2.81028, 91.3236, 3.00629, 1.07135, 0.401224, 0, 0),}