{"normals":{ "x":-0.099277,"y":-0.710067,"z":-0.697101,"d":0.240955},"area":0.233679,"volume":0.00287142,"covariance":  991.68 -86.4244  -52.815
-86.4244  121.416 -108.512
 -52.815 -108.512  121.753,"fpfhs":(0, 0, 0, 0, 0, 100, 0, 0, 0, 0, 0, 0, 0, 0, 0, 0, 100, 0, 0, 0, 0, 0, 0, 0, 0.00623247, 0.065449, 2.73946, 88.6548, 3.59166, 2.66589, 0.23133, 2.04514, 0),}