{"normals":{ "x":0.0221835,"y":-0.952274,"z":-0.304439,"d":0.196544},"area":9.36323,"volume":0.781022,"covariance": 22132.2   1524.4 -5711.35
  1524.4  7439.61 -21916.7
-5711.35 -21916.7  68870.1,"fpfhs":(0, 0, 0, 0, 0, 84.6288, 15.3712, 0, 0, 0, 0, 0, 0, 0, 0.00315715, 18.9957, 62.5542, 18.447, 0, 0, 0, 0, 0, 0, 0.00662676, 0.771567, 43.4261, 55.5793, 0.0141104, 0.202346, 0, 0, 0),}