{"normals":{ "x":0.0270838,"y":-0.957184,"z":-0.28821,"d":0.201894},"area":9.84095,"volume":0.831903,"covariance": 23662.1   2378.3 -8177.33
  2378.3  7094.96 -22315.2
-8177.33 -22315.2  74957.3,"fpfhs":(0, 0, 0, 0, 0, 73.8339, 26.1661, 0, 0, 0, 0, 0, 0, 0, 0.183842, 20.5527, 49.2873, 29.8712, 0.104945, 0, 0, 0, 0, 0, 0.00260267, 2.75066, 53.7844, 41.8631, 0.181899, 0.708648, 0, 0.139391, 0.569257),}