{"normals":{ "x":-0.284465,"y":-0.844477,"z":-0.453804,"d":0.32769},"area":9.96268,"volume":1.03163,"covariance": 16960.1   4918.4 -20062.5
  4918.4  7908.14 -16519.5
-20062.5 -16519.5  44568.5,"fpfhs":(0, 0, 0, 0, 0, 100, 0, 0, 0, 0, 0, 0, 0, 0, 0, 1.15896, 94.3485, 4.49251, 0, 0, 0, 0, 0.159845, 0.642443, 0.795684, 3.43723, 42.3011, 47.7694, 4.42757, 0.265615, 0.201093, 0, 0),}