{"normals":{ "x":0.0587659,"y":-0.939942,"z":-0.336238,"d":0.162574},"area":9.27276,"volume":0.816101,"covariance": 20036.7   1635.7  -3534.3
  1635.7  9807.67 -25224.5
 -3534.3 -25224.5  68716.5,"fpfhs":(0, 0, 0, 0, 0, 75.9782, 24.0218, 0, 0, 0, 0, 0, 0, 0, 0.24325, 21.894, 55.0441, 22.0734, 0.74523, 0, 0, 0, 0, 0.0159251, 0.00600635, 5.80586, 54.0629, 40.0988, 0.00549391, 0.00497033, 0, 0, 0),}