{"normals":{ "x":-0.0183583,"y":0.489657,"z":0.871722,"d":-0.51799},"area":0.625666,"volume":0.0286979,"covariance": 2562.06 -87.4641  69.7481
-87.4641  2444.74 -1179.25
 69.7481 -1179.25  1022.05,"fpfhs":(0, 0, 0, 0, 0, 100, 0, 0, 0, 0, 0, 0, 0, 0, 0, 8.10769, 87.4021, 4.49018, 0, 0, 0, 0, 0, 0, 0.1286, 0.197476, 11.4224, 85.0807, 2.84766, 0.168632, 0.125037, 0.0295266, 0),}