{"normals":{ "x":-0.0564039,"y":-0.937564,"z":-0.343208,"d":0.735359},"area":3.97319,"volume":0,"covariance": 42505.5  4531.58 -19037.4
 4531.58  3486.31 -9939.74
-19037.4 -9939.74  29635.9,"fpfhs":(0, 0, 0, 0, 7.33914, 83.1557, 9.50521, 0, 0, 0, 0, 7.70025, 50.5019, 7.10304, 0.146583, 2.0662, 24.0048, 5.25282, 2.63702, 0.587422, 0, 0, 1.96237, 2.87807, 4.65872, 13.2339, 18.078, 9.49271, 25.3235, 12.9419, 9.16242, 0.523929, 1.74446),}