{"normals":{ "x":0.00892357,"y":0.44757,"z":0.894204,"d":-0.529041},"area":0.588576,"volume":0.0258185,"covariance":    2157 -102.444  33.4449
-102.444   2069.7 -904.235
 33.4449 -904.235  711.803,"fpfhs":(0, 0, 0, 0, 0, 100, 0, 0, 0, 0, 0, 0, 0, 0, 0, 0.0668617, 99.9198, 0.0133074, 0, 0, 0, 0, 0.0168501, 0, 0.0527281, 0.0695933, 8.69938, 89.2037, 1.77032, 0.141106, 0.0290637, 0.0172918, 0),}