{"normals":{ "x":-0.0720857,"y":-0.947064,"z":-0.312848,"d":0.709269},"area":3.6011,"volume":0,"covariance": 37360.3  2014.68 -14429.4
 2014.68  1957.75 -6183.17
-14429.4 -6183.17  21652.8,"fpfhs":(0, 0, 0, 0, 0, 100, 0, 0, 0, 0, 0, 0, 0, 0, 0, 20.0149, 57.6446, 22.3405, 0, 0, 0, 0, 0.109901, 1.56125, 3.58553, 7.32506, 28.492, 37.0214, 14.5741, 5.8915, 0.950061, 0.260267, 0.228956),}