{"normals":{ "x":0.0264575,"y":0.468967,"z":0.88282,"d":-0.538345},"area":0.626236,"volume":0.0289831,"covariance": 2388.38 -280.943  87.1635
-280.943  2495.38    -1152
 87.1635    -1152  931.987,"fpfhs":(0, 0, 0, 0, 0, 100, 0, 0, 0, 0, 0, 0, 0, 0, 0, 0.997172, 98.399, 0.60386, 0, 0, 0, 0, 0, 0, 0.0745622, 0.534772, 9.59467, 87.2594, 2.34268, 0.113175, 0.0369283, 0.0437543, 0),}