{"normals":{ "x":-0.0639471,"y":-0.960404,"z":-0.271172,"d":0.719407},"area":3.56306,"volume":0,"covariance": 39910.5  2192.01 -16956.7
 2192.01  2062.24 -7537.05
-16956.7 -7537.05  30043.1,"fpfhs":(0, 0, 0, 0, 10.6341, 89.3605, 0.00536613, 0, 0, 0, 0, 0, 0, 0, 14.1802, 43.6611, 41.1779, 0.980809, 0, 0, 0, 0, 1.26312, 1.80072, 0.0864345, 1.86821, 7.71956, 11.3407, 55.8301, 15.3726, 3.19793, 1.52058, 0),}