{"normals":{ "x":-0.48361,"y":-0.789271,"z":-0.378383,"d":0.323204},"area":9.49513,"volume":0.841382,"covariance": 18083.8 -374.519 -21923.6
-374.519  14035.6 -26495.5
-21923.6 -26495.5  84142.5,"fpfhs":(0, 0, 0, 0, 0, 47.3283, 52.6717, 0, 0, 0, 0, 0, 0, 0, 0.156349, 8.4354, 77.2405, 14.0644, 0.10329, 0, 0, 0, 0, 0, 0.108571, 18.6291, 72.1826, 9.07972, 0, 0, 0, 0, 0),}