{"normals":{ "x":-0.108836,"y":-0.839635,"z":-0.532135,"d":0.819788},"area":3.95381,"volume":0,"covariance": 33971.9  14562.7 -29691.5
 14562.7  21845.1 -37217.3
-29691.5 -37217.3  64586.1,"fpfhs":(0, 0, 0, 0, 0, 98.6111, 1.38895, 0, 0, 0, 0, 0, 0, 0, 0.0197179, 4.76855, 92.1752, 1.42434, 0, 0.472882, 1.1393, 0, 0.126767, 0.307953, 4.53668, 10.2581, 53.0348, 28.1746, 2.37723, 0.790631, 0.258317, 0, 0.134936),}