{"normals":{ "x":0.628182,"y":-0.554806,"z":-0.545507,"d":0.456873},"area":4.81063,"volume":0.436754,"covariance": 22098.3 -1239.29  24852.1
-1239.29  6484.96    -6863
 24852.1    -6863  35464.7,"fpfhs":(0, 0, 0, 0, 0, 37.828, 62.172, 0, 0, 0, 0, 0, 0, 0, 0.0687758, 5.18176, 82.4596, 12.2246, 0.0651436, 0, 0, 0, 0, 0, 0.244312, 31.5503, 61.1934, 7.01202, 0, 0, 0, 0, 0),}