{"normals":{ "x":0.62588,"y":-0.553334,"z":-0.549633,"d":0.458122},"area":4.49136,"volume":0.402462,"covariance": 22069.8 -1347.86    24606
-1347.86  6431.31  -6778.9
   24606  -6778.9  34623.7,"fpfhs":(0, 0, 0, 0, 0, 35.0308, 64.9691, 0, 0, 0, 0, 0, 0, 0, 0.0401458, 3.82318, 89.4975, 6.60276, 0.0364575, 0, 0, 0, 0, 0.119945, 0.437078, 32.2748, 62.0891, 5.07901, 0, 0, 0, 0, 0),}