{"normals":{ "x":0.940431,"y":0.334888,"z":-0.0586453,"d":-0.00444628},"area":1.79144,"volume":0.130121,"covariance": 450.768 -629.951  116.962
-629.951  2630.46  674.076
 116.962  674.076  4620.68,"fpfhs":(0, 0, 0, 0, 0, 64.4932, 35.5068, 0, 0, 0, 0, 0, 0, 0, 0.428484, 8.61374, 42.2167, 38.3928, 10.3483, 0, 0, 0, 0, 0, 3.45686, 35.5708, 44.2042, 15.9222, 0.66686, 0, 0.179091, 0, 0),}