{"normals":{ "x":0.626943,"y":-0.650255,"z":-0.429082,"d":0.353022},"area":3.18541,"volume":0.256221,"covariance":  9465.4   2310.2  7815.22
  2310.2  5099.93 -3448.11
 7815.22 -3448.11  16742.9,"fpfhs":(0, 0, 0, 0, 0, 43.6713, 56.3287, 0, 0, 0, 0, 0, 0, 0, 0.354107, 13.478, 76.8154, 9.24619, 0.106287, 0, 0, 0, 0, 0, 0.376655, 27.8402, 64.7018, 7.08132, 0, 0, 0, 0, 0),}