{"normals":{ "x":-0.0136193,"y":-0.785785,"z":-0.618349,"d":0.794674},"area":2.31581,"volume":0,"covariance": 24606.2  3398.66 -4859.96
 3398.66  13390.6   -17074
-4859.96   -17074  21811.4,"fpfhs":(0.442844, 0.508079, 0.724946, 0.179923, 0.357597, 29.3738, 49.8359, 17.0151, 1.19416, 0.152622, 0.215024, 1.4755, 1.00438, 1.12406, 5.42823, 30.2746, 31.8251, 11.4804, 9.88907, 5.56611, 1.48148, 0.451097, 0.472067, 9.91769, 16.0548, 35.9462, 28.6266, 3.9537, 1.15991, 0.378637, 1.16936, 0.609887, 1.71111),}