{"normals":{ "x":-0.0181099,"y":-0.769361,"z":-0.638557,"d":0.811177},"area":2.27077,"volume":0,"covariance": 36529.2  4048.14 -5890.57
 4048.14  19400.1 -23407.3
-5890.57 -23407.3    28380,"fpfhs":(0, 0, 0, 0, 0, 72.3069, 27.6931, 0, 0, 0, 0, 0, 0, 0, 6.09201, 28.839, 64.6827, 0.386253, 0, 0, 0, 0, 0.179226, 1.21349, 1.79494, 12.9697, 73.8204, 9.58752, 0.434763, 0, 0, 0, 0),}