{"normals":{ "x":-0.1618,"y":-0.726882,"z":-0.667431,"d":0.401907},"area":0.624933,"volume":0.0241508,"covariance": 2027.52 -344.549 -90.4696
-344.549  842.586 -718.174
-90.4696 -718.174  909.931,"fpfhs":(0, 0, 0, 0, 0, 38.2116, 61.7884, 0, 0, 0, 0, 0, 0, 0, 0.143649, 14.6968, 80.457, 4.68173, 0.020878, 0, 0, 0, 0, 0, 0.560527, 35.7944, 58.5662, 5.05922, 0, 0, 0, 0.0196398, 0),}