{"normals":{ "x":0.0356093,"y":-0.661587,"z":0.749022,"d":-0.499465},"area":1.60239,"volume":0.123244,"covariance": 8976.27 -350.804 -140.368
-350.804  4564.02  2880.41
-140.368  2880.41  3276.93,"fpfhs":(0, 0, 0, 0, 0, 97.405, 2.595, 0, 0, 0, 0, 0, 0, 0, 0.0641885, 18.0717, 76.4739, 5.39021, 0, 0, 0, 0, 0, 0, 0, 0.0463204, 19.3636, 80.482, 0.108043, 0, 0, 0, 0),}