{"normals":{ "x":0.272816,"y":-0.8831,"z":-0.381714,"d":0.241929},"area":5.76525,"volume":0.431176,"covariance": 8088.79  2276.26 -189.486
 2276.26   5433.9 -10228.9
-189.486 -10228.9  23483.9,"fpfhs":(0, 0, 0, 0, 0, 33.2769, 66.7231, 0, 0, 0, 0, 0, 0, 0, 0.0559235, 6.41632, 89.9774, 3.55029, 0, 0, 0, 0, 0, 0.252477, 1.89346, 33.7157, 60.289, 3.84936, 0, 0, 0, 0, 0),}