{"normals":{ "x":-0.284221,"y":-0.843573,"z":-0.455635,"d":0.327248},"area":9.92106,"volume":1.00164,"covariance": 16330.7  4802.92 -19222.1
 4802.92  7547.74 -15810.7
-19222.1 -15810.7  42282.9,"fpfhs":(0, 0, 0.0152132, 0.168753, 3.48283, 66.3374, 22.0008, 6.14299, 1.85201, 0, 0, 1.97241, 2.73187, 6.95974, 5.99414, 11.2015, 55.6672, 3.69066, 1.78288, 8.09765, 1.89988, 0.00204192, 5.04335, 4.334, 7.80752, 12.8286, 38.326, 19.3262, 2.77086, 0.781695, 0.157498, 1.52349, 7.10081),}