{"normals":{ "x":0.0368153,"y":-0.659131,"z":0.751127,"d":-0.502141},"area":1.60016,"volume":0.122868,"covariance":  9035.4 -376.735 -182.383
-376.735  4601.19  2895.41
-182.383  2895.41  3278.95,"fpfhs":(0, 0, 0, 0, 0, 99.7993, 0.20072, 0, 0, 0, 0, 0, 0, 0, 0, 8.33457, 90.5696, 1.08988, 0.00595703, 0, 0, 0, 0, 0, 0, 0.00318344, 4.15586, 95.4873, 0.336742, 0.0169654, 0, 0, 0),}