{"normals":{ "x":0.274122,"y":-0.882341,"z":-0.382533,"d":0.244704},"area":5.81081,"volume":0.434728,"covariance": 8050.66  2304.02 -238.051
 2304.02  5484.53 -10327.5
-238.051 -10327.5  23700.3,"fpfhs":(0, 0, 0, 0, 0, 34.0725, 65.9275, 0, 0, 0, 0, 0, 0, 0, 0.0928631, 7.10711, 85.4925, 7.30747, 0, 0, 0, 0, 0, 0.205831, 0.957258, 39.4224, 56.3277, 3.07905, 0, 0, 0, 0.00778981, 0),}