{"normals":{ "x":0.0258622,"y":-0.909411,"z":-0.415093,"d":1.32201},"area":7.9948,"volume":0.675136,"covariance":  3947.9  899.382 -2063.23
 899.382  577.841 -1337.67
-2063.23 -1337.67   3615.3,"fpfhs":(0, 0, 0, 0, 0, 97.7904, 2.20959, 0, 0, 0, 0, 0, 0, 0, 0, 18.1594, 48.6128, 20.4329, 12.7948, 0, 0, 0, 2.29571, 0.00812776, 0.110733, 1.44549, 36.3853, 27.8118, 22.1931, 0.0687939, 1.29366, 4.67872, 3.70848),}