{"normals":{ "x":-0.531772,"y":-0.666473,"z":-0.522525,"d":0.375586},"area":6.44701,"volume":0.524231,"covariance": 22235.6  4820.95 -29093.7
 4820.95  10534.4 -17068.3
-29093.7 -17068.3  53050.2,"fpfhs":(0, 0, 0, 0, 0, 36.4276, 63.5724, 0, 0, 0, 0, 0, 0, 0, 0.196006, 14.2482, 78.4148, 7.13763, 0.00337981, 0, 0, 0, 0.0131822, 0.0478355, 0.97077, 36.1246, 57.7426, 5.10103, 0, 0, 0, 0, 0),}