{"normals":{ "x":-0.0748193,"y":-0.811936,"z":-0.578931,"d":0.806935},"area":2.74151,"volume":0,"covariance":   20473  8550.91   -14641
 8550.91  18560.9 -27082.6
  -14641 -27082.6  39933.2,"fpfhs":(0, 0, 0, 0, 0, 99.8799, 0.120102, 0, 0, 0, 0, 0, 0, 1.16845, 1.49845, 0.355348, 94.7013, 2.27645, 0, 0, 0, 0, 0, 1.62469, 0.101682, 4.86192, 53.3557, 35.5499, 3.23023, 0.325054, 0.91209, 0, 0.0386533),}