{"normals":{ "x":-0.558144,"y":-0.703955,"z":-0.43923,"d":0.345938},"area":6.54884,"volume":0.55231,"covariance": 16379.8   419.17 -20286.9
  419.17  11256.5 -16890.4
-20286.9 -16890.4    53092,"fpfhs":(0, 0, 0, 0, 0, 34.9117, 65.0883, 0, 0, 0, 0, 0, 0, 0, 0.0191791, 10.631, 85.474, 3.87427, 0.00149064, 0, 0, 0, 0, 0.134235, 1.05365, 38.2167, 56.4438, 4.15157, 0, 0, 0, 0, 0),}