{"normals":{ "x":-0.0906669,"y":-0.815838,"z":-0.571129,"d":0.808334},"area":3.01929,"volume":0,"covariance": 31527.1  12546.1 -22984.6
 12546.1  19959.7 -30470.1
-22984.6 -30470.1  47276.5,"fpfhs":(0, 0, 0, 0, 0, 100, 0, 0, 0, 0, 0, 0, 0, 0, 0, 0, 62.8264, 37.1736, 0, 0, 0, 0, 0, 0, 0.440032, 5.18155, 34.9214, 46.8544, 7.97392, 4.5854, 0, 0.0433533, 0),}