{"normals":{ "x":-0.517167,"y":-0.662456,"z":-0.541933,"d":0.398577},"area":5.80499,"volume":0.467278,"covariance": 21953.1  4564.17 -26778.9
 4564.17  10227.7 -15550.5
-26778.9 -15550.5  46171.3,"fpfhs":(0, 0, 0, 0, 0, 34.2019, 65.7981, 0, 0, 0, 0, 0, 0, 0, 0.004677, 8.75991, 87.8715, 3.35852, 0.00542633, 0, 0, 0, 0, 0.113452, 0.897114, 39.9859, 55.433, 3.57061, 0, 0, 0, 0, 0),}