{"normals":{ "x":-0.0316662,"y":-0.809436,"z":-0.586354,"d":0.806662},"area":2.49426,"volume":0,"covariance": 17031.8  5928.68 -9113.13
 5928.68  17751.8 -24773.8
-9113.13 -24773.8  34759.7,"fpfhs":(0, 0, 0, 0, 0, 99.9889, 0.0111305, 0, 0, 0, 0, 0, 0, 0.189166, 0.110025, 5.82191, 90.4027, 3.47621, 0, 0, 0, 0, 0, 0, 0.249533, 2.33075, 12.3272, 49.8317, 28.9076, 5.15747, 0.987203, 0.13474, 0.0737894),}