{"normals":{ "x":0.621395,"y":0.60978,"z":0.491972,"d":-0.397446},"area":9.97679,"volume":0.959673,"covariance": 24532.2  4611.26 -35618.4
 4611.26  10425.9 -17951.4
-35618.4 -17951.4  68125.8,"fpfhs":(0, 0, 0, 0, 0, 77.314, 22.686, 0, 0, 0, 0, 0, 0, 0, 0.0381806, 16.0046, 70.5174, 13.3854, 0.0543676, 0, 0, 0, 0, 0, 0.0545406, 3.30366, 77.5343, 19.1036, 0.00393498, 0, 0, 0, 0),}