{"normals":{ "x":-0.0402577,"y":-0.866944,"z":-0.496778,"d":0.898242},"area":5.65227,"volume":0,"covariance":41202.8 19912.3  -38533
19912.3 21677.6  -39694
 -38533  -39694   73061,"fpfhs":(0, 1.03787, 0, 0.998387, 0.0935465, 94.2799, 3.59029, 0, 0, 0, 0, 12.7765, 0, 0, 0, 0, 29.0153, 53.6749, 4.53322, 0, 0, 0, 0.435016, 3.18285, 0.136578, 4.92626, 27.5742, 56.501, 5.50608, 0.746641, 0.753833, 0.23759, 0),}