{"normals":{ "x":-0.604004,"y":-0.611637,"z":-0.51096,"d":0.416493},"area":9.76285,"volume":0.931973,"covariance": 24278.5  5525.96 -34402.8
 5525.96  10324.3 -18311.4
-34402.8 -18311.4  63857.1,"fpfhs":(0, 0, 0, 0, 0, 77.3453, 22.6547, 0, 0, 0, 0, 0, 0, 0, 0.0688039, 11.5295, 72.391, 15.1363, 0.874458, 0, 0, 0, 0, 0, 0.0537492, 4.61449, 73.9264, 21.381, 0.0213646, 0, 0, 0.00292129, 0),}