{"normals":{ "x":-0.0072176,"y":-0.863739,"z":-0.503888,"d":0.914601},"area":5.86256,"volume":0,"covariance":   38930    20160 -35376.6
   20160  22301.7 -38591.6
-35376.6 -38591.6  66965.9,"fpfhs":(0, 0, 0, 0, 0, 98.2396, 1.76043, 0, 0, 0, 0, 0, 14.8107, 24.1153, 33.6019, 16.9732, 10.4502, 0.048663, 0, 0, 0, 0, 0, 0, 0, 1.40769, 30.0018, 59.393, 8.98025, 0.21723, 0, 0, 0),}