{"normals":{ "x":0.488893,"y":-0.817074,"z":-0.305571,"d":0.215219},"area":5.94166,"volume":0.470455,"covariance": 8495.79   2670.6  4043.79
  2670.6  6600.99 -10717.8
 4043.79 -10717.8  33935.9,"fpfhs":(0, 0, 0, 0, 0, 90.0984, 9.90164, 0, 0, 0, 0, 0, 0, 0, 0, 22.27, 68.352, 9.37806, 0, 0, 0, 0, 0.753919, 0, 1.36565, 1.81485, 81.3536, 14.712, 0, 0, 0, 0, 0),}