{"normals":{ "x":0.0130724,"y":-0.983112,"z":-0.182536,"d":0.142244},"area":8.95064,"volume":0.767127,"covariance": 20195.2  1768.65 -7360.73
 1768.65  3068.04 -12772.5
-7360.73 -12772.5  64424.1,"fpfhs":(0, 0, 0, 0, 0, 98.8426, 1.15735, 0, 0, 0, 0, 0, 0, 0, 1.36445, 21.2267, 62.4096, 14.9993, 0, 0, 0, 0, 0.00605534, 0, 0, 0.0324832, 20.4136, 79.4058, 0.142105, 0, 0, 0, 0),}