{"normals":{ "x":0.833804,"y":0.0316269,"z":-0.551154,"d":0.199739},"area":3.39803,"volume":0.240609,"covariance":2130.49 621.964 2745.18
621.964  3068.4 1084.52
2745.18 1084.52 4454.79,"fpfhs":(0, 0, 0, 0, 0, 57.4809, 42.5191, 0, 0, 0, 0, 0, 0, 0, 0.795096, 16.1701, 49.0943, 27.9495, 5.99095, 0, 0, 0, 0.35024, 0.841121, 1.74174, 37.3153, 46.1767, 13.5749, 0, 0, 0, 0, 0),}