{"normals":{ "x":-0.429015,"y":-0.825409,"z":-0.366943,"d":0.182225},"area":7.63922,"volume":0.666792,"covariance": 13075.1  4316.82 -23293.9
 4316.82   5541.3 -15836.4
-23293.9 -15836.4  61337.9,"fpfhs":(0, 0, 0, 0, 0, 99.6586, 0.341391, 0, 0, 0, 0, 0, 0, 0, 0.0403561, 24.8305, 72.4907, 2.63848, 0, 0, 0, 0, 0, 0, 0.0345765, 0.0459314, 21.984, 77.8683, 0.0671851, 0, 0, 0, 0),}