{"normals":{ "x":0.0220847,"y":-0.99973,"z":-0.00728022,"d":0.326711},"area":0.434408,"volume":0.0123979,"covariance":  723.54 -135.081   360.55
-135.081  99.1987 -158.611
  360.55 -158.611  447.497,"fpfhs":(0, 0, 0, 0, 0, 100, 0, 0, 0, 0, 0, 0, 0, 0, 24.3025, 35.2357, 40.325, 0.136709, 0, 0, 0, 0, 0, 0, 0.0535802, 4.5508, 23.8327, 44.3004, 20.3568, 6.38983, 0.0942474, 0.421599, 0),}