{"normals":{ "x":-0.264165,"y":-0.873372,"z":-0.409192,"d":0.230917},"area":7.94127,"volume":0.624997,"covariance": 15137.5   6158.3 -22428.6
  6158.3  10413.3   -25544
-22428.6   -25544  70049.6,"fpfhs":(0, 0, 0, 0, 0, 32.3215, 67.6785, 0, 0, 0, 0, 0, 0, 0, 0, 6.13724, 87.6738, 6.18828, 0.000711478, 0, 0, 0, 0, 0.00335406, 1.14571, 29.3879, 65.2, 4.26301, 0, 0, 0, 0, 0),}