{"normals":{ "x":-0.0191709,"y":-0.841021,"z":-0.540663,"d":0.70119},"area":10.6761,"volume":0.509735,"covariance": 27032.2  657.499 -1950.06
 657.499  14072.2 -21714.5
-1950.06 -21714.5  33807.4,"fpfhs":(0, 0, 0, 0, 0, 100, 0, 0, 0, 0, 0, 0, 0, 0.0147226, 0, 0.0947904, 99.4331, 0.45736, 0, 0, 0, 0, 0.361096, 0.686071, 1.64499, 6.13744, 37.2596, 43.9222, 8.89067, 0.460517, 0.443368, 0.194067, 0),}