{"normals":{ "x":0.0196891,"y":-0.98473,"z":0.172973,"d":-0.24944},"area":11.3299,"volume":1.10405,"covariance": 14863.5 -169.677 -3252.01
-169.677  1669.62  7383.64
-3252.01  7383.64  42804.3,"fpfhs":(0, 0, 0, 0, 0, 86.898, 13.102, 0, 0, 0, 0, 0, 0, 0, 0, 5.39081, 86.5141, 8.09515, 0, 0, 0, 0, 0, 0, 0.194804, 1.91911, 74.6304, 23.1456, 0.0423605, 0.0323799, 0.00172291, 0.0252351, 0.00846316),}