{"normals":{ "x":-0.110339,"y":-0.78797,"z":-0.605747,"d":0.696756},"area":6.71247,"volume":0.3188,"covariance": 29921.8  9078.73 -17213.5
 9078.73  13719.2 -19357.9
-17213.5 -19357.9    28383,"fpfhs":(0, 0, 0, 0, 0, 95.8162, 4.18385, 0, 0, 0, 0, 0, 0, 0, 0, 20.7633, 79.2367, 0, 0, 0, 0, 0, 0, 0.934648, 1.19257, 9.04233, 73.4491, 14.5983, 0.364308, 0.0429617, 0.375786, 0, 0),}