{"normals":{ "x":-0.0496373,"y":-0.764178,"z":-0.643092,"d":0.310332},"area":0.448197,"volume":0.00828626,"covariance": 1014.99 -176.891  132.293
-176.891  546.444  -629.51
 132.293  -629.51  744.441,"fpfhs":(0, 0, 0, 0, 0.1666, 58.8187, 40.505, 0.509681, 0, 0, 0, 0.0706379, 0.245872, 1.57764, 5.48527, 25.4425, 41.7078, 12.7207, 8.57799, 3.289, 0.803028, 0.0795817, 8.10645, 0.306284, 1.98824, 29.9746, 41.6438, 11.0407, 5.61215, 0.0690632, 0.00453397, 0.20529, 1.0489),}