{"normals":{ "x":-0.446016,"y":0.471837,"z":0.760552,"d":-3.40696},"area":12.8402,"volume":0,"covariance": 41990.5 -18222.3  35546.3
-18222.3  11038.4 -17484.3
 35546.3 -17484.3  31564.6,"fpfhs":(86.7206, 0, 0, 0, 0, 13.2794, 0, 0, 0, 0, 0, 86.7206, 0, 0, 0, 0.639133, 12.4853, 0.154999, 0, 0, 0, 0, 87.0639, 0.956366, 0, 0, 0, 5.87565, 0, 0, 0, 1.83497, 4.26909),}