{"normals":{ "x":0.240538,"y":-0.812209,"z":0.531468,"d":-0.338606},"area":3.06649,"volume":0.253515,"covariance": 9629.41 -753.548 -4409.36
-753.548  7444.95  10192.9
-4409.36  10192.9  17039.8,"fpfhs":(0, 0, 0, 0, 0, 99.9949, 0.00512159, 0, 0, 0, 0, 0, 0, 0, 0, 0, 96.3838, 3.61624, 0, 0, 0, 0, 0, 0.00437486, 0, 0.00456882, 8.78223, 91.1939, 0.014901, 0, 0, 0, 0),}