{"normals":{ "x":-0.0296335,"y":-0.89473,"z":-0.445623,"d":0.714042},"area":11.6284,"volume":1.27651,"covariance": 8923.79 -2118.82  3153.69
-2118.82   2700.8  -4963.8
 3153.69  -4963.8  9602.28,"fpfhs":(0, 0, 0, 0, 0, 100, 0, 0, 0, 0, 0, 0, 0, 0, 0, 0, 48.288, 51.712, 0, 0, 0, 0, 0, 0.0344409, 0.0835197, 0.986679, 26.5984, 40.3898, 25.9378, 4.0618, 1.88775, 0.0197642, 0),}