{"normals":{ "x":0.228444,"y":-0.936526,"z":-0.265955,"d":0.26837},"area":11.7326,"volume":0,"covariance":69448.7 16025.7 2389.09
16025.7 46354.7 -148191
2389.09 -148191  523724,"fpfhs":(0, 0, 0, 0, 0, 99.9988, 0.00122562, 0, 0, 0, 0, 0, 0, 0, 0, 0.0114359, 99.9165, 0.0721135, 0, 0, 0, 0, 0, 0, 1.2352, 2.59213, 57.9063, 38.2232, 0.0431848, 0, 0, 0, 0),}