{"normals":{ "x":-0.382285,"y":-0.798304,"z":-0.465369,"d":2.29994},"area":71.9581,"volume":9.81708,"covariance": 79791.2 -22066.7   -27175
-22066.7  18838.3 -14724.9
  -27175 -14724.9  48749.3,"fpfhs":(0.30763, 0.518075, 0, 0.37484, 1.9404, 33.9277, 28.9281, 21.6678, 9.71229, 2.09289, 0.530293, 4.75422, 6.90729, 9.4738, 10.9509, 11.4513, 18.727, 10.9961, 11.5067, 5.47735, 3.49311, 6.26226, 3.66984, 23.4857, 22.1562, 17.1423, 16.5876, 5.55917, 5.07187, 2.22124, 1.62902, 1.73609, 0.740978),}