{"normals":{ "x":-0.114371,"y":-0.977733,"z":-0.175947,"d":0.212833},"area":9.38709,"volume":0,"covariance": 55280.5 -6903.79  3570.76
-6903.79  13951.4 -70932.8
 3570.76 -70932.8   391182,"fpfhs":(0, 0, 0, 0, 0, 83.9654, 16.0346, 0, 0, 0, 0, 0, 0, 0, 2.69167, 29.3994, 51.1861, 16.7079, 0.014956, 0, 0, 0, 0, 0.0126022, 1.11713, 14.9085, 59.7314, 24.0824, 0.127889, 0.0200868, 0, 0, 0),}