{"normals":{ "x":-0.411824,"y":-0.80484,"z":-0.427356,"d":1.9454},"area":82.1983,"volume":11.7392,"covariance": 64869.5 -20574.5 -23030.7
-20574.5  24457.2 -26128.8
-23030.7 -26128.8  71146.1,"fpfhs":(48.2858, 23.543, 0, 0, 0.104041, 25.9698, 0, 0, 0, 0, 2.09737, 58.7532, 11.8057, 0.0552008, 0.282701, 1.83519, 13.3225, 0.943448, 0.925602, 0.0217235, 0, 12.0548, 0.0559282, 0, 47.0957, 0.149303, 1.59531, 24.8777, 25.38, 0.779229, 0.0667899, 0, 0),}