{"normals":{ "x":0.0775028,"y":-0.941077,"z":-0.329191,"d":0.286951},"area":11.3338,"volume":0,"covariance":58070.8 3035.58 4860.28
3035.58 55471.3 -156950
4860.28 -156950  448830,"fpfhs":(0, 0, 0, 0, 0, 100, 0, 0, 0, 0, 0, 0, 0, 0, 0, 1.46427, 98.5357, 0, 0, 0, 0, 0, 0, 0, 0, 1.15679, 0.474437, 98.2891, 0.0796224, 0, 0, 0, 0),}