{"normals":{ "x":0.287024,"y":0.544456,"z":0.788152,"d":-4.90256},"area":35.3974,"volume":4.7354,"covariance": 38471.8 -14250.7 -4142.98
-14250.7  9447.08 -1303.99
-4142.98 -1303.99  2500.55,"fpfhs":(0, 0, 0, 0, 0, 100, 0, 0, 0, 0, 0, 0, 0, 0, 0, 0, 96.0465, 3.95351, 0, 0, 0, 0, 0, 0, 0, 0, 0, 99.8873, 0.11275, 0, 0, 0, 0),}