{"normals":{ "x":0.532479,"y":-0.843755,"z":0.067408,"d":1.01302},"area":9.94352,"volume":0.979506,"covariance": 1446.01  673.307 -4070.56
 673.307  375.493 -1757.43
-4070.56 -1757.43    13151,"fpfhs":(8.90806, 11.39, 8.07925, 12.4198, 6.52079, 24.2534, 10.5717, 3.65089, 3.44815, 1.5601, 9.19775, 12.1345, 6.10854, 8.15513, 7.38384, 9.82753, 7.78747, 7.24524, 7.07107, 12.2148, 8.95012, 13.1217, 5.49831, 10.043, 19.1745, 13.3682, 6.73095, 3.46391, 6.64948, 3.87996, 13.9383, 9.65146, 7.60195),}