{"normals":{ "x":0.0112389,"y":-0.985136,"z":0.171411,"d":-0.249842},"area":11.4946,"volume":1.12156,"covariance": 14803.5 -33.1318 -1804.65
-33.1318  1658.11  7400.28
-1804.65  7400.28  43210.5,"fpfhs":(0, 0, 0, 0, 0, 98.5657, 1.4343, 0, 0, 0, 0, 0, 0, 0, 0, 14.2386, 68.1001, 17.6613, 0, 0, 0, 0, 0, 0.779293, 0.0505582, 1.84979, 50.5917, 46.359, 0.231479, 0.00777632, 0, 0.130434, 0),}