{"normals":{ "x":-0.406334,"y":0.54208,"z":0.735556,"d":-3.20348},"area":39.8611,"volume":5.3057,"covariance": 42978.5   -17211  36049.6
  -17211  11106.3 -17603.7
 36049.6 -17603.7  32775.8,"fpfhs":(0, 0, 0, 0, 0, 100, 0, 0, 0, 0, 0, 0, 0, 0, 0, 0, 100, 0, 0, 0, 0, 0, 20.0108, 16.2373, 3.46614, 0, 0, 43.2706, 0, 0, 0.106198, 6.32231, 10.5866),}