{"normals":{ "x":-0.370119,"y":-0.910847,"z":-0.182672,"d":0.263571},"area":3.39067,"volume":0,"covariance": 20104.1 -15590.2  38201.4
-15590.2  13009.7 -33086.9
 38201.4 -33086.9  87459.4,"fpfhs":(1.08141, 0, 0, 0, 0, 92.1691, 0, 0, 0, 0, 6.7495, 0.463801, 0.745221, 0, 0, 6.62188, 7.08292, 1.29691, 6.8298, 32.1059, 44.8536, 0, 0.0142456, 0.0163014, 0.00985604, 0.0252759, 0.439704, 92.6572, 0.320336, 0.0495763, 0.0358973, 0, 6.43155),}