{"normals":{ "x":-0.15177,"y":-0.872174,"z":0.465058,"d":-0.131864},"area":2.33929,"volume":0.144928,"covariance":7305.52  3137.9  8099.2
 3137.9 2252.69 4875.96
 8099.2 4875.96 11847.9,"fpfhs":(0, 0, 0, 0, 0, 100, 0, 0, 0, 0, 0, 0, 0, 0, 0, 0.39943, 97.1912, 2.40937, 0, 0, 0, 0, 0, 0, 0.00661464, 0.0538231, 1.07158, 97.1021, 1.75438, 0.0115075, 0, 0, 0),}