{"normals":{ "x":-0.187716,"y":-0.914072,"z":0.359493,"d":-0.0892442},"area":7.1149,"volume":0.589509,"covariance":10698.5 3263.05 13147.6
3263.05 2221.67 6183.31
13147.6 6183.31 21962.9,"fpfhs":(0, 0, 0, 0, 0.00236602, 99.9976, 0, 0, 0, 0, 0, 0, 0, 0, 0, 0.0419466, 99.9465, 0.0115255, 0, 0, 0, 0, 0, 0, 0, 0.0545407, 5.09428, 94.5382, 0.25073, 0.0622171, 0, 0, 0),}