{"normals":{ "x":0.834074,"y":-0.352339,"z":-0.424474,"d":0.333297},"area":33.2512,"volume":4.15168,"covariance": 9012.95 -7808.32  24337.9
-7808.32  10935.3 -24693.1
 24337.9 -24693.1  69388.1,"fpfhs":(1.44355, 0, 0, 0, 0.0474744, 95.7228, 2.44858, 0, 0, 0, 0.337649, 0, 0, 0.150766, 3.06281, 28.676, 41.3378, 24.4305, 2.24078, 0.101347, 0, 0, 1.00308, 1.73196, 3.50993, 9.45353, 23.8002, 23.4274, 26.9213, 7.09276, 1.23774, 0.357394, 1.46468),}