{"normals":{ "x":-0.210879,"y":-0.861613,"z":0.461685,"d":-0.121731},"area":4.69003,"volume":0.337688,"covariance":9770.46 5349.81 14334.2
5349.81 4048.13 9878.47
14334.2 9878.47 25419.6,"fpfhs":(0, 0, 0, 0, 0.43866, 99.1464, 0.414907, 0, 0, 0, 0, 0, 0, 0, 0.0330618, 9.40976, 86.5557, 3.94698, 0.0545086, 0, 0, 0, 0, 0, 0.100304, 1.15227, 2.48584, 74.6201, 21.231, 0.398662, 0.00471652, 0.00339169, 0.00369254),}