{"normals":{ "x":0.122557,"y":-0.990979,"z":0.0542318,"d":0.12088},"area":10.9914,"volume":1.23198,"covariance": 6466.48   466.55 -5014.22
  466.55  562.223  794.025
-5014.22  794.025  13145.2,"fpfhs":(0, 0, 0, 0, 0, 100, 0, 0, 0, 0, 0, 0, 0, 0, 0, 0.167992, 99.8178, 0.014172, 0, 0, 0, 0, 0, 0, 0, 0, 1.33272, 98.2944, 0.372891, 0, 0, 0, 0),}