{"normals":{ "x":0.0589448,"y":-0.987612,"z":0.145422,"d":0.0726369},"area":12.0632,"volume":1.33177,"covariance": 5572.17  263.308 -698.473
 263.308  642.888  1851.02
-698.473  1851.02  9928.88,"fpfhs":(0, 0, 0, 0, 0.172751, 99.7887, 0.0385503, 0, 0, 0, 0, 0, 0, 0, 0.00636088, 3.73837, 94.6706, 1.57711, 0.00759389, 0, 0, 0, 0, 0, 0.0124897, 0.31104, 1.424, 89.7028, 8.49021, 0.0580232, 0.00137347, 0, 0),}