{"normals":{ "x":0.0283881,"y":-0.984156,"z":0.17502,"d":-0.249229},"area":11.5382,"volume":1.14193,"covariance": 14478.5 -136.807 -3726.48
-136.807   1708.9  7447.82
-3726.48  7447.82  42349.1,"fpfhs":(0, 0, 0, 0, 0, 96.0752, 3.92481, 0, 0, 0, 0, 0, 0, 0, 0.0293915, 15.4976, 72.5423, 11.9307, 0, 0, 0, 0, 0, 0.0400206, 0.402458, 3.39864, 59.0885, 36.7304, 0.301317, 0.038623, 0, 0, 0),}