{"normals":{ "x":0.0120643,"y":-0.874444,"z":0.484976,"d":-0.175283},"area":3.92127,"volume":0.280192,"covariance":  8012.1  60.6864 -546.912
 60.6864  5133.98  8519.42
-546.912  8519.42  15359.7,"fpfhs":(0, 0, 0, 0, 0, 100, 0, 0, 0, 0, 0, 0, 0, 0, 0, 1.9476, 98.0524, 0, 0, 0, 0, 0, 0, 0, 0, 0.260229, 2.35626, 97.0643, 0.0134626, 0, 0, 0.305758, 0),}