{"normals":{ "x":0.76161,"y":0.605756,"z":0.23024,"d":-0.322628},"area":34.7803,"volume":4.59552,"covariance": 7327.68 -981.598 -20639.9
-981.598  14202.1 -34701.6
-20639.9 -34701.6   162495,"fpfhs":(0, 0, 0, 0, 0.233933, 39.1685, 46.3055, 14.2921, 0, 0, 0, 0.223204, 1.77008, 5.5126, 10.948, 16.0983, 32.4247, 21.474, 7.00737, 4.24479, 0.296841, 0, 0.673639, 15.6383, 25.6478, 31.2719, 20.3146, 3.41284, 1.46745, 0.652583, 0.709452, 0.160945, 0.0503889),}