{"normals":{ "x":0.989888,"y":-0.113771,"z":-0.0847239,"d":1.21175},"area":22.4604,"volume":2.87875,"covariance":  184.89 -225.536  1782.11
-225.536  9239.98 -15603.1
 1782.11 -15603.1  43849.4,"fpfhs":(0, 0, 0, 0, 7.55303, 92.447, 0, 0, 0, 0, 0, 0, 0, 0, 15.6083, 33.8903, 41.4253, 9.07613, 0, 0, 0, 0, 0, 0, 0, 0.407738, 14.1926, 38.7712, 36.9564, 9.18648, 0.461372, 0, 0.0242658),}