{"normals":{ "x":-0.258808,"y":-0.945934,"z":0.195519,"d":-0.0521822},"area":12.6733,"volume":1.25361,"covariance": 15823.8 -3382.02  3766.82
-3382.02  2841.22  7687.09
 3766.82  7687.09  45721.4,"fpfhs":(0, 0, 0, 0, 0, 68.2209, 29.6142, 2.02379, 0.141113, 0, 0, 0, 0.283153, 4.09809, 11.3709, 20.2506, 23.5412, 22.5083, 10.1732, 6.91235, 0.862189, 0, 0, 1.65928, 11.7, 27.4696, 37.5899, 19.8612, 1.31108, 0.0535981, 0.339511, 0.00736114, 0.00855905),}