{"normals":{ "x":0.0572576,"y":-0.887602,"z":-0.457039,"d":1.29969},"area":61.574,"volume":8.65209,"covariance": 41982.6 -19751.7  43609.4
-19751.7  40322.6 -79495.6
 43609.4 -79495.6   158534,"fpfhs":(0, 0, 0, 0, 0.385078, 99.6149, 0, 0, 0, 0, 0, 0, 0, 0, 0, 18.2817, 67.2847, 13.8119, 0.621649, 0, 0, 0, 0, 2.56762, 1.89553, 4.85684, 51.8961, 25.679, 8.72476, 4.0364, 0, 0.343733, 0),}