{"normals":{ "x":0.51432,"y":-0.697517,"z":-0.498944,"d":1.9321},"area":38.203,"volume":5.08577,"covariance": 23006.2 -1351.69  25561.9
-1351.69  9978.05 -14920.5
 25561.9 -14920.5    47027,"fpfhs":(0, 0, 0, 0, 0, 100, 0, 0, 0, 0, 0, 0, 0, 0, 0, 0, 23.8243, 10.8864, 65.2894, 0, 0, 0, 0, 0, 0, 9.0973, 35.8052, 33.6817, 20.0644, 0, 1.35147, 0, 0),}