{"normals":{ "x":0.535776,"y":-0.69353,"z":-0.481622,"d":0.288715},"area":11.602,"volume":1.01861,"covariance": 18801.7  -7945.4  32097.9
 -7945.4   7596.9 -19567.4
 32097.9 -19567.4  65146.2,"fpfhs":(0, 0, 0, 0, 0, 100, 0, 0, 0, 0, 0, 0, 0, 0, 0, 0.814172, 99.1858, 0, 0, 0, 0, 0, 0, 0, 0.0104432, 0.0567489, 5.62523, 92.546, 1.48394, 0.269005, 0.00865811, 0, 0),}