{"normals":{ "x":0.0409735,"y":-0.917937,"z":-0.394605,"d":0.708942},"area":22.0373,"volume":2.29436,"covariance": 15233.3 -10633.3  24240.2
-10633.3  14989.8 -33340.7
 24240.2 -33340.7  76257.6,"fpfhs":(0, 0, 0, 0, 0, 70.4138, 28.8476, 0.73867, 0, 0, 0, 0, 0.0244242, 0.254034, 3.10544, 37.5097, 26.6972, 9.41771, 9.93686, 9.02239, 4.03222, 0, 1.32254, 3.11776, 6.27981, 21.2158, 49.6907, 8.21363, 6.57657, 2.42187, 0.11974, 0.00861698, 1.03297),}