{"normals":{ "x":0.245264,"y":-0.881212,"z":-0.404117,"d":0.190638},"area":14.3476,"volume":1.40606,"covariance": 19116.6 -11274.2  37797.4
-11274.2  13391.3 -34706.2
 37797.4 -34706.2   100616,"fpfhs":(0, 0, 0, 0, 0, 60.055, 39.945, 0, 0, 0, 0, 0, 0, 0, 0.0423361, 20.6981, 51.3228, 23.4604, 4.47639, 0, 0, 0, 0, 0.0136345, 3.4238, 37.7466, 49.2652, 9.52876, 0.0219708, 0, 0, 0, 0),}