{"normals":{ "x":0.383013,"y":-0.859718,"z":-0.337914,"d":0.146944},"area":9.29643,"volume":0.82183,"covariance": 10139.7 -4147.66  20976.2
-4147.66  6172.53 -18102.3
 20976.2 -18102.3  67610.3,"fpfhs":(0, 0, 0, 0, 0, 77.8448, 22.1552, 0, 0, 0, 0, 0, 0, 0, 0.129208, 20.0298, 44.6516, 34.6679, 0.521554, 0, 0, 0, 1.05126, 2.16491, 2.33401, 24.1079, 63.1399, 7.05418, 0.146925, 0, 0.000886997, 0, 0),}