{"normals":{ "x":0.45203,"y":-0.811773,"z":-0.369722,"d":0.209695},"area":14.2067,"volume":1.2207,"covariance": 9661.96 -4880.89  20770.7
-4880.89  9760.25 -26533.3
 20770.7 -26533.3  84116.3,"fpfhs":(0, 0, 0, 0, 0, 99.9965, 0.00353425, 0, 0, 0, 0, 0, 0, 0, 0.0102994, 5.33167, 78.8849, 15.7732, 0, 0, 0, 0, 0, 0, 0.0262489, 0, 2.94433, 48.8706, 48.1418, 0.0127198, 0.00434329, 0, 0),}