{"normals":{ "x":0.17094,"y":-0.698648,"z":0.694745,"d":-0.415825},"area":1.6515,"volume":0.132615,"covariance": 7557.03 -2619.01 -4972.08
-2619.01  4599.74  4564.65
-4972.08  4564.65   6927.5,"fpfhs":(0, 0, 0, 0, 0, 100, 0, 0, 0, 0, 0, 0, 0, 0, 0, 0, 99.9981, 0.00188145, 0, 0, 0, 0, 0, 0.983435, 2.26123, 2.39594, 28.2038, 64.8542, 1.28923, 0.00773342, 0, 0.00445434, 0),}