{"normals":{ "x":0.367932,"y":-0.658619,"z":0.656389,"d":-0.403807},"area":2.05474,"volume":0.171365,"covariance": 9008.79  -2188.3 -6610.68
 -2188.3  4910.96  5212.95
-6610.68  5212.95  9151.45,"fpfhs":(0, 0, 0, 0, 0, 100, 0, 0, 0, 0, 0, 0, 0, 0, 0, 0, 100, 0, 0, 0, 0, 0, 0, 0, 0, 0.814081, 4.50408, 92.2782, 1.96644, 0, 0.437243, 0, 0),}