{"normals":{ "x":0.764825,"y":0.140396,"z":0.628754,"d":-0.359606},"area":3.34648,"volume":0.319114,"covariance": 13256.1  1572.88 -15201.4
 1572.88  5827.96 -3026.28
-15201.4 -3026.28  19578.7,"fpfhs":(0, 0, 0, 0, 0, 100, 0, 0, 0, 0, 0, 0, 0, 0, 0, 0.00686449, 99.9932, 0, 0, 0, 0, 0, 0, 0, 0.121224, 2.13266, 10.0829, 86.9518, 0.609112, 0.0652536, 0.0370828, 0, 0),}