{"normals":{ "x":-0.104438,"y":-0.951894,"z":-0.28808,"d":0.937502},"area":1.12377,"volume":0,"covariance": 44643.9 -1762.91 -10422.9
-1762.91  1628.29 -4689.11
-10422.9 -4689.11  19413.4,"gradient":{ "x":-245.779,"y":773.132,"z":0.649945},"riftdescriptors":{(0.154586, 0.0487946, 0.0697553, 0.148033, 0, 0.190502, 0.355903, 0.467191, 0, 0.0565529, 0.347914, 0.63251, 0, 0, 0.103954, 0.123314, 0, 0.11501, 0.045039, 0.0107731, 0, 0.00452705, 0.00115072, 0, 0, 0, 0, 0, 0, 0, 0, 0)}"vfhs":{(99.8687, 0, 0, 0, 0, 0, 0, 0, 0, 0, 0, 0, 0, 0, 0, 0, 0, 0, 0, 0, 0, 0, 0, 0, 0, 0, 0, 0, 0, 0, 0, 0, 0, 0, 0, 0, 0, 0, 0, 0, 0, 0, 0, 0, 0, 99.8687, 0, 0, 0, 0, 0, 0, 0, 0, 0, 0, 0, 0, 0, 0, 0, 0, 0, 0, 0, 0, 0, 0, 0, 0, 0, 0, 0, 0, 0, 0, 0, 0, 0, 0, 0, 0, 0, 0, 0, 0, 0, 0, 0, 0, 99.8687, 0, 0, 0, 0, 0, 0, 0, 0, 0, 0, 0, 0, 0, 0, 0, 0, 0, 0, 0, 0, 0, 0, 0, 0, 0, 0, 0, 0, 0, 0, 0, 0, 0, 0, 0, 0, 0, 0, 0, 0, 0, 0, 0, 0, 0, 0, 0, 0, 0, 0, 0, 0, 0, 0, 0, 0, 0, 0, 0, 0, 0, 0, 0, 0, 0, 0, 0, 0, 0, 0, 0, 0, 0, 0, 0, 0, 0, 0, 0, 0, 0, 0, 0, 0, 0, 0, 0, 0, 0, 0.00255117, 0, 0, 0, 0, 0, 0, 0, 0, 0, 0, 0, 0, 0, 0, 0, 0, 0, 0, 0, 0, 0, 0, 0, 0, 0, 0, 0, 0, 0, 0, 0, 0, 0, 0, 0, 0, 0, 0, 0, 0, 0.000850391, 0, 0, 0.000850391, 0, 0, 0.000850391, 0, 0, 0.000850391, 0, 0.00170078, 0.000850391, 0.00425195, 0.00255117, 0.000850391, 0.00510234, 0.00510234, 0.00170078, 0.00170078, 0.00340156, 0.00170078, 0.00255117, 0.00510234, 0.00510234, 0.00510234, 0.00255117, 0.00680313, 0.00510234, 0.00765352, 0.0119055, 0.00595273, 0.0127559, 0.0102047, 0.0187086, 0.0255117, 0.0433699, 0.0450707, 0.0773856, 0.0654801, 0.107149, 0.184535, 0.258519, 0.476217, 0.800211, 1.28835, 2.32078, 3.79885, 5.91675, 8.28982, 11.4373, 13.2127, 12.5908, 10.9048, 8.28217, 6.01112, 4.10837, 2.80468, 1.9636, 1.44228, 0.936272, 0.657347, 0.48302, 0.300188, 0.214299, 0.17348, 0.0977951, 0.0714329, 0.0629289, 0.0501731, 0.0314645, 0.0272125, 0.0272125, 0.0204094, 0.0178582, 0.0212598, 0.0204094, 0.116504, 0.0518738, 0.0297637, 0, 0, 0, 0, 0, 0, 0)}}