{"normals":{ "x":-0.0218072,"y":-0.832458,"z":-0.553659,"d":0.204011},"area":0.580804,"volume":0.0245559,"covariance": 1945.36 -354.279  843.535
-354.279  656.323  -518.06
 843.535  -518.06  784.305","fpfhs":"(0, 0, 0, 0, 0, 100, 0, 0, 0, 0, 0, 0, 0, 0, 0, 0.0188234, 98.8729, 1.10833, 0, 0, 0, 0, 0, 0.00609826, 0.00309579, 0.723837, 0.755195, 91.7576, 6.6606, 0.0935457, 0, 0, 0)",}