{"normals":{ "x":-0.0348303,"y":-0.0205362,"z":0.999182,"d":-0.526044},"area":0.529982,"volume":0.0218579,"covariance": 3151.18 -390.823  92.0814
-390.823  2924.23  41.1383
 92.0814  41.1383  271.696","fpfhs":"(0, 0, 0, 0.00400734, 0.398101, 92.2976, 7.30028, 0, 0, 0, 0, 0.0291062, 0.257201, 0.559528, 6.32653, 4.28906, 86.3787, 2.02626, 0.126238, 0.00538365, 0.00200367, 0, 0, 0.052658, 0.347117, 4.47458, 63.1831, 30.9885, 0.142716, 0.21267, 0.219887, 0.172838, 0.206029)",}