{"normals":{ "x":-0.458838,"y":0.207899,"z":0.863855,"d":-0.5435},"area":1.39094,"volume":0.0931627,"covariance": 4448.05 -911.619  1455.61
-911.619   3972.8 -1037.93
 1455.61 -1037.93  1440.13","fpfhs":"(0, 0, 0, 0, 0, 69.2629, 30.7371, 0, 0, 0, 0, 0, 0, 0, 0.037355, 9.08348, 63.5775, 27.2329, 0.0687191, 0, 0, 0, 0, 0.340227, 0.201511, 9.68485, 69.6676, 20.0835, 0.0170555, 0, 0, 0, 0.0053027)",}