{"normals":{ "x":-0.154942,"y":0.260877,"z":0.952857,"d":-0.638973},"area":0.863916,"volume":0.0528011,"covariance": 3834.93 -304.528  595.889
-304.528  3933.43  -953.98
 595.889  -953.98   1015.6","fpfhs":"(0, 0, 0, 0, 0, 67.9041, 32.0959, 0, 0, 0, 0, 0, 0, 0, 0.0138975, 18.9826, 58.696, 22.0463, 0.261142, 0, 0, 0, 0, 0.00210199, 0.0062573, 7.74327, 71.0294, 21.201, 0.0180047, 0, 0, 0, 0)",}