{"normals":{ "x":-0.156833,"y":0.26417,"z":0.951639,"d":-0.63818},"area":0.866303,"volume":0.053308,"covariance": 3821.48 -306.842  603.737
-306.842  3924.23     -963
 603.737     -963  1027.74","fpfhs":"(0, 0, 0, 0, 0, 78.9222, 21.0778, 0, 0, 0, 0, 0, 0, 0, 0.132196, 31.2359, 53.3658, 15.0637, 0.202457, 0, 0, 0, 0.00936596, 0, 0, 4.18868, 66.4333, 29.1583, 0.197348, 0.0129869, 0, 0, 0)",}