{"normals":{ "x":-0.244554,"y":0.603773,"z":0.758717,"d":-0.475208},"area":1.41087,"volume":0.0905301,"covariance": 3965.81 -97.2928  1061.96
-97.2928  3251.71  -1789.8
 1061.96  -1789.8  2043.66","fpfhs":"(0, 0, 0, 0, 0, 70.3834, 29.6166, 0, 0, 0, 0, 0, 0, 0, 0.541075, 20.0671, 77.9036, 1.48819, 0, 0, 0, 0, 0.014449, 0.429168, 3.92215, 34.2111, 51.7871, 9.53936, 0.0479319, 0.0190559, 0.0296988, 0, 0)",}