{"normals":{ "x":-0.632117,"y":-0.677353,"z":-0.376325,"d":0.310015},"area":30.434,"volume":3.96626,"covariance": 35864.3  5262.08 -69741.7
 5262.08  11513.1   -27070
-69741.7   -27070   166646","fpfhs":"(0, 0, 0, 0, 0, 67.7271, 32.2346, 0.0382956, 0, 0, 0, 0, 0, 0.00442418, 7.82042, 20.2331, 35.023, 26.2981, 10.6145, 0.00648042, 0, 0, 0.0262003, 0.00756339, 0.720306, 21.9005, 47.1527, 29.6073, 0.0205816, 0.564837, 0, 0, 0)",}