{"normals":{ "x":0.034101,"y":0.269763,"z":0.962323,"d":-0.783295},"area":0.797097,"volume":0.0352348,"covariance": 1996.01 -136.578 -30.1628
-136.578  2233.65 -599.108
-30.1628 -599.108  228.997","fpfhs":"(0, 0, 0, 0, 0.167029, 99.698, 0.134976, 0, 0, 0, 0, 0, 0, 0.578447, 1.79697, 1.12486, 74.9829, 21.5168, 0, 0, 0, 0, 2.64283, 0.138006, 5.99708, 8.68482, 39.5573, 36.735, 2.69939, 1.21947, 0, 0.401965, 1.9241)",}