{"normals":{ "x":0.0262946,"y":0.267286,"z":0.963259,"d":-0.78209},"area":0.804726,"volume":0.0358566,"covariance": 2026.73   -164.7 -8.11937
  -164.7  2218.15 -587.824
-8.11937 -587.824  225.696","fpfhs":"(0, 0, 0, 0.310072, 0.304524, 78.8512, 17.8497, 2.68446, 0, 0, 0, 0.0124063, 0.069798, 0.403598, 16.2997, 13.4246, 15.157, 18.5003, 0.215343, 0.235521, 3.42353, 32.2583, 6.00891, 3.49601, 6.10126, 14.5418, 27.7505, 8.52968, 13.7625, 7.99221, 6.43182, 1.55483, 3.83045)",}