{"normals":{ "x":0.682826,"y":0.579333,"z":0.445108,"d":-0.338117},"area":34.747,"volume":4.57379,"covariance": 41620.2  15862.5 -82804.1
 15862.5  17730.2 -47251.2
-82804.1 -47251.2   189917","fpfhs":"(0, 0, 0, 0, 0, 96.8612, 3.13882, 0, 0, 0, 0, 0, 0, 0, 0, 2.26211, 84.6228, 13.1151, 0, 0, 0, 0, 0, 0, 0, 0.189953, 44.771, 55.0245, 0.0145225, 0, 0, 0, 0)",}