{"normals":{ "x":-0.151912,"y":-0.967794,"z":-0.200744,"d":0.312932},"area":79.6717,"volume":11.2599,"covariance": 40444.8 -4209.94 -10017.9
-4209.94  6218.56 -26279.6
-10017.9 -26279.6   135290","fpfhs":"(0, 0, 0, 0, 0, 100, 0, 0, 0, 0, 0, 0, 0, 0, 0, 0, 100, 0, 0, 0, 0, 0, 0, 0, 0, 0, 0, 100, 0, 0, 0, 0, 0)",}