{"normals":{ "x":0.74781,"y":-0.505947,"z":-0.42988,"d":0.24646},"area":5.29745,"volume":0.510246,"covariance":6182.77 2604.83 6295.26
2604.83 4428.73 483.522
6295.26 483.522 10733.5","fpfhs":"(0, 0, 0, 0, 0, 49.3463, 45.57, 5.08375, 0, 0, 0, 0, 0, 1.74151, 11.0041, 21.6059, 27.7912, 22.1051, 14.3739, 1.37823, 0, 0, 0, 0.108464, 9.69093, 26.6266, 43.3905, 20.1452, 0.0337322, 0.00462351, 0, 0, 0)",}