{"normals":{ "x":-0.0508581,"y":0.699159,"z":0.713155,"d":-1.03746},"area":3.21793,"volume":0.262891,"covariance": 5711.91  3460.32 -3065.36
 3460.32  5812.67 -5374.43
-3065.36 -5374.43  5327.81","fpfhs":"(0, 0, 0, 0, 0, 100, 0, 0, 0, 0, 0, 0, 0, 0, 0, 0.866415, 90.1478, 8.98585, 0, 0, 0, 0, 0, 0, 0.0157875, 0.030869, 0.725582, 32.2712, 62.3813, 3.3249, 0.888945, 0.361395, 0)",}