{"normals":{ "x":-0.00450782,"y":-0.836776,"z":-0.547526,"d":0.202224},"area":0.701651,"volume":0.0341178,"covariance": 2164.66 -413.547  983.748
-413.547  696.473 -579.643
 983.748 -579.643  912.623","fpfhs":"(0, 0, 0, 0, 0, 100, 0, 0, 0, 0, 0, 0, 0, 0, 0, 0.12612, 99.376, 0.497891, 0, 0, 0, 0, 0, 0, 0.0451971, 1.31145, 3.87832, 92.7781, 1.98689, 0, 0, 0, 0)",}