{"normals":{ "x":3.57933e-05,"y":-0.925734,"z":0.378176,"d":-0.157202},"area":2.2709,"volume":0.179117,"covariance": 10646.3 -77.3315 -218.456
-77.3315  2608.17  3975.68
-218.456  3975.68  9676.58","fpfhs":"(0, 0, 0, 0, 0, 51.6699, 47.1967, 1.13351, 0, 0, 0, 0, 0, 0.255607, 9.91333, 25.1276, 28.9865, 25.1302, 10.4596, 0.127127, 0, 0, 0.0066527, 0, 2.68001, 26.058, 47.4449, 23.803, 0.00746518, 0, 0, 0, 0)",}