{"normals":{ "x":0.545507,"y":0.388783,"z":0.742476,"d":-0.625243},"area":2.86926,"volume":0.257837,"covariance": 7009.78 -972.915 -4545.71
-972.915  2348.94 -191.487
-4545.71 -191.487  3695.21","fpfhs":"(0, 0, 0, 0.024713, 0.328438, 85.0041, 13.0779, 1.56483, 0, 0, 0, 2.04258, 9.96836, 1.76389, 1.50476, 15.4581, 28.1877, 14.7646, 17.1183, 9.1918, 0, 0, 0.403672, 1.7389, 8.91496, 22.4137, 48.1422, 14.081, 2.0165, 1.33945, 0.267884, 0.296067, 0.385667)",}