{"normals":{ "x":0.776807,"y":0.493295,"z":0.391447,"d":-0.303578},"area":35.4231,"volume":4.59189,"covariance": 34459.1  7222.93 -73599.4
 7222.93  19196.8 -39484.9
-73599.4 -39484.9   195070","fpfhs":"(0, 0, 0, 0, 0, 62.0653, 37.9347, 0, 0, 0, 0, 0, 0, 0, 7.83482, 26.5689, 35.8424, 24.6518, 5.10212, 0, 0, 0, 0, 0, 0.699266, 36.2257, 39.4983, 21.1944, 1.68571, 0, 0, 0.696603, 0)",}