{"normals":{ "x":-0.087003,"y":0.462548,"z":0.882315,"d":-0.691315},"area":1.02174,"volume":0.059782,"covariance": 2309.62 -193.735  137.683
-193.735  2653.27 -854.721
 137.683 -854.721  471.778","fpfhs":"(0, 0, 0, 0, 0, 86.9277, 13.0723, 0, 0, 0, 0, 0, 0, 0, 3.71702, 5.77306, 51.6094, 38.9005, 0, 0, 0, 0, 0.0308014, 0.0335749, 0.0915961, 5.8715, 61.1589, 30.1423, 0.275313, 2.34843, 0.0475755, 0, 0)",}