{"normals":{ "x":-0.0618633,"y":0.44995,"z":0.890908,"d":-0.711428},"area":1.00171,"volume":0.0558753,"covariance": 2359.99 -12.8734 -11.4036
-12.8734  2638.67 -910.549
-11.4036 -910.549  478.778","fpfhs":"(0, 0, 0, 0, 0, 99.9696, 0.030444, 0, 0, 0, 0, 0, 0, 0, 0, 0, 100, 0, 0, 0, 0, 0, 0, 0, 7.18195, 0.030444, 0, 57.4298, 0, 0, 16.574, 2.20985, 16.574)",}