{"normals":{ "x":-0.0441957,"y":0.389771,"z":0.91985,"d":-0.735089},"area":0.961079,"volume":0.0540163,"covariance":  2314.8 -8.07926  79.6807
-8.07926  2543.31   -752.3
 79.6807   -752.3   331.59","fpfhs":"(0, 0, 0, 0, 0, 0, 0, 0, 0, 0, 0, 0, 0, 0, 0, 0, 0, 0, 0, 0, 0, 0, 0, 0, 0, 0, 0, 0, 0, 0, 0, 0, 0)",}