{"normals":{ "x":-0.292684,"y":-0.956198,"z":0.00464274,"d":0.18133},"area":43.8241,"volume":5.25021,"covariance": 23069.8 -6855.23  18768.2
-6855.23  2168.63 -5614.96
 18768.2 -5614.96  47467.3","fpfhs":"(0, 0, 0, 0, 0, 99.1848, 0.815167, 0, 0, 0, 0, 0, 0, 0, 0.0256445, 25.6156, 66.3775, 7.98118, 0, 0, 0, 0, 0.00715382, 0.0286979, 0.0419187, 0.78069, 27.4525, 69.6908, 1.82107, 0.0299706, 0.120708, 0.0181173, 0.00845762)",}