{"normals":{ "x":0.349189,"y":-0.927893,"z":0.130695,"d":0.00723261},"area":25.4236,"volume":2.97562,"covariance": 9838.66  2561.38  -8697.4
 2561.38  949.185 -660.184
 -8697.4 -660.184  19401.9","fpfhs":"(0, 0, 0, 0, 0, 47.2367, 33.5104, 19.253, 0, 0, 0, 0, 0.42814, 9.28607, 18.204, 20.9122, 45.8375, 5.23127, 0.100747, 0, 0, 0, 0, 6.33925, 25.1904, 28.781, 22.3473, 7.05035, 8.15404, 1.89085, 0.118607, 0.128119, 0)",}