{"normals":{ "x":-0.0502106,"y":0.491221,"z":0.869587,"d":-0.654769},"area":1.00694,"volume":0.0607558,"covariance": 2758.41 -399.601  392.774
-399.601  3136.01 -1524.65
 392.774 -1524.65  1488.74","fpfhs":"(0, 0, 0, 0, 0, 73.7581, 26.2419, 0, 0, 0, 0, 0, 0, 0, 0.232368, 19.4237, 62.8279, 17.516, 0, 0, 0, 0, 0, 0, 0, 0.675086, 74.2138, 25.0461, 0.0380398, 0.0270201, 0, 0, 0)",}