{"normals":{ "x":0.399958,"y":-0.869191,"z":-0.290757,"d":0.921467},"area":33.872,"volume":4.04953,"covariance": 11945.7  12470.7 -21091.1
 12470.7  17971.6 -36112.5
-21091.1 -36112.5  78981.3","fpfhs":"(0, 0, 0, 0, 3.17769, 57.0175, 25.2577, 13.972, 0.575152, 0, 0, 0.00982555, 2.27097, 7.21559, 7.65899, 23.2036, 32.5448, 17.9722, 7.59225, 1.31404, 0.215492, 0.00226547, 0.0609977, 5.80743, 22.2321, 27.121, 17.9301, 5.48001, 8.18376, 10.5548, 2.54643, 0.0833192, 0)",}