{"normals":{ "x":-0.0392395,"y":0.537487,"z":0.842359,"d":-0.627147},"area":1.04988,"volume":0.0649478,"covariance":  3069.2 -594.379  679.378
-594.379  3675.86 -2177.46
 679.378 -2177.46  2355.59","fpfhs":"(0, 0, 0, 0, 0, 99.6704, 0.329603, 0, 0, 0, 0, 0, 0, 0, 0, 17.3185, 76.8145, 5.867, 0, 0, 0, 0, 0.0201856, 0.0519601, 0.196632, 1.18326, 24.7503, 73.3039, 0.351172, 0, 0.0562292, 0.0863306, 0)",}