{"normals":{ "x":0.404441,"y":-0.866632,"z":-0.292193,"d":0.925597},"area":35.2338,"volume":4.51031,"covariance": 13429.6  13990.1 -23108.5
 13990.1  20155.1 -39756.9
-23108.5 -39756.9  85569.1","fpfhs":"(0, 0, 0, 0, 1.06797, 38.2162, 44.2293, 15.6924, 0.794052, 0, 0, 0, 0.87067, 4.2237, 9.93609, 19.0302, 27.3757, 18.6001, 12.5678, 6.59729, 0.798405, 0, 0.469931, 9.74477, 25.8758, 28.8404, 23.0039, 5.42292, 3.63526, 2.43935, 0.205173, 0.00826659, 0.35415)",}