{"normals":{ "x":0.66163,"y":0.554132,"z":0.505157,"d":-0.522425},"area":16.2929,"volume":1.84942,"covariance": 32126.6   7178.8 -48811.9
  7178.8  14210.8 -24526.9
-48811.9 -24526.9  92446.5","fpfhs":"(0, 0, 0, 0, 0, 80.3024, 19.6976, 0, 0, 0, 0, 0, 0, 0, 0, 0, 56.5593, 42.6682, 0.772506, 0, 0, 0, 0, 0.966282, 8.70363, 7.80539, 72.8021, 8.13495, 1.58355, 0, 0.00409001, 0, 0)",}