{"normals":{ "x":0.126895,"y":-0.936639,"z":-0.326504,"d":0.847701},"area":7.10773,"volume":0,"covariance": 23467.3   6230.2 -8703.25
  6230.2  12511.9   -32807
-8703.25   -32807    89686","fpfhs":"(0, 0, 0, 0, 0.318353, 87.1528, 12.5288, 0, 0, 0, 0, 0, 0, 0, 0.585661, 27.9115, 48.8745, 19.6273, 1.99784, 0.193528, 0.171095, 0.63863, 0, 0.0417791, 0.636149, 5.87693, 41.2384, 30.958, 18.6248, 2.62386, 0, 0, 0)",}