{"normals":{ "x":0.619585,"y":-0.748492,"z":-0.236376,"d":0.285462},"area":48.5518,"volume":6.58509,"covariance": 15863.1  8472.57  15551.2
 8472.57  22739.4 -46019.2
 15551.2 -46019.2   187331","fpfhs":"(0, 0, 0, 0, 0, 100, 0, 0, 0, 0, 0, 0, 0, 0, 0, 0.046117, 99.6251, 0.328787, 0, 0, 0, 0, 0.00270799, 0.00616477, 0.166944, 0.671057, 13.8412, 82.9801, 1.33724, 0.23789, 0.565212, 0.0434535, 0.148101)",}