{"normals":{ "x":0.217094,"y":-0.891256,"z":-0.398162,"d":1.17494},"area":15.8555,"volume":0,"covariance": 44043.7  11486.2 -1173.47
 11486.2  42479.8 -88913.4
-1173.47 -88913.4   199949","fpfhs":"(0.00485013, 0.0164299, 0.0317919, 0.0428234, 5.53355, 72.3952, 19.7977, 2.17772, 0, 0, 0, 0.349894, 5.52504, 8.78024, 8.21896, 15.5634, 34.094, 20.1149, 5.6927, 1.22195, 0.367075, 0.0718095, 0.686326, 3.70328, 12.8375, 21.9, 24.15, 8.91143, 16.7031, 8.52765, 1.84195, 0.718802, 0.0199502)",}