{"normals":{ "x":0.746985,"y":-0.411488,"z":-0.522198,"d":0.394999},"area":11.8666,"volume":1.28567,"covariance":17846.5 3464.94 22612.4
3464.94 5617.14 916.617
22612.4 916.617 32984.8","fpfhs":"(0, 0, 0, 0, 0, 55.8631, 28.0836, 15.5154, 0.537939, 0, 0, 0, 8.2416, 16.4788, 12.3078, 17.6041, 15.8245, 9.65296, 9.47074, 9.60745, 0.81203, 0, 0.00427667, 4.06429, 18.4864, 30.3291, 18.5203, 14.298, 8.61317, 5.68451, 0, 0, 0)",}