{"normals":{ "x":-0.113923,"y":0.384689,"z":0.915989,"d":-0.382534},"area":0.382099,"volume":0.0131204,"covariance": 723.745 -72.8111  102.741
-72.8111  331.482 -129.933
 102.741 -129.933  112.538","fpfhs":"(0, 0, 0, 0, 0, 100, 0, 0, 0, 0, 0, 0, 0, 0, 0, 0.607467, 88.8957, 10.4969, 0, 0, 0, 0, 0, 0, 0, 0.0374416, 5.43996, 91.3846, 3.13804, 0, 0, 0, 0)",}