{"normals":{ "x":-0.473904,"y":0.465795,"z":0.747295,"d":-0.500191},"area":0.887362,"volume":0.0521831,"covariance": 3242.91   1510.1   772.19
  1510.1  3080.89 -624.731
  772.19 -624.731  1436.18","fpfhs":"(0, 0, 0, 0, 0, 97.6055, 2.39448, 0, 0, 0, 0, 0, 0, 0, 0, 5.25821, 82.0428, 11.0499, 1.64904, 0, 0, 0, 0, 0, 4.25571, 18.0287, 45.6261, 26.953, 4.97187, 0.151757, 0.0128891, 0, 0)",}