{"normals":{ "x":-0.126174,"y":-0.916884,"z":-0.378686,"d":0.546731},"area":25.9999,"volume":2.88682,"covariance":29885.8 -4863.9 2141.68
-4863.9  5713.9  -12394
2141.68  -12394 31246.8","fpfhs":"(0, 0, 0, 0, 0, 74.9418, 25.0582, 0, 0, 0, 0, 0, 0, 0, 0, 3.8844, 38.8131, 49.1127, 8.18982, 0, 0, 0, 0, 0, 1.51784, 18.9982, 51.4192, 25.5986, 0.594075, 1.87199, 0, 0, 0)",}