{"normals":{ "x":0.720084,"y":-0.469162,"z":-0.511239,"d":0.312956},"area":7.22711,"volume":0.75208,"covariance": 15081.8 -228.939  20453.2
-228.939  6421.46 -5650.22
 20453.2 -5650.22  34652.4","fpfhs":"(0, 0, 0, 0, 0, 52.213, 46.323, 1.46398, 0, 0, 0, 0, 0, 2.37616, 11.5417, 28.5956, 38.6978, 17.4222, 1.36654, 0, 0, 0, 0, 0, 5.34139, 27.1507, 52.8476, 14.4147, 0.245648, 0, 0, 0, 0)",}