{"normals":{ "x":0.644647,"y":0.419753,"z":0.638934,"d":-0.534062},"area":5.01513,"volume":0.447356,"covariance": 25069.7  4605.83 -28274.5
 4605.83  11602.4 -11711.7
-28274.5 -11711.7  38306.4","fpfhs":"(0, 0, 0, 0, 0, 52.6057, 47.1544, 0.239955, 0, 0, 0, 0, 0, 0.0336351, 4.9858, 29.0443, 42.1969, 18.5717, 5.07252, 0.0951903, 0, 0, 0.0113048, 0, 1.09276, 30.6355, 51.3327, 16.9277, 0, 0, 0, 0, 0)",}