{"normals":{ "x":0.598549,"y":0.572348,"z":0.560497,"d":-0.456367},"area":5.01611,"volume":0.441052,"covariance": 18274.4  1148.47 -19987.4
 1148.47  9185.61  -9179.3
-19987.4  -9179.3  30969.9","fpfhs":"(0, 0, 0, 0, 0, 52.6573, 46.8126, 0.53009, 0, 0, 0, 0, 0, 0.261386, 12.6185, 32.5562, 31.2168, 18.502, 4.80074, 0.0443362, 0, 0, 0, 0, 1.62731, 29.6881, 51.5419, 17.1077, 0.030075, 0.00486751, 0, 0, 0)",}