{"normals":{ "x":-0.605741,"y":-0.776532,"z":0.173423,"d":-0.203245},"area":3.01738,"volume":0.202723,"covariance": 2521.38 -1022.94  4165.52
-1022.94  490.992 -1536.89
 4165.52 -1536.89  8137.35","fpfhs":"(0, 0, 0, 0, 0, 63.572, 36.428, 0, 0, 0, 0, 0, 0, 0, 11.0585, 43.7663, 36.6321, 7.77115, 0.77192, 0, 0, 0, 0, 0.0379695, 0.305894, 39.002, 43.4526, 17.1251, 0.0764456, 0, 0, 0, 0)",}