{"normals":{ "x":-0.141523,"y":-0.732188,"z":-0.666237,"d":0.841371},"area":6.68565,"volume":0.398903,"covariance": 15454.4  4796.03  -7473.4
 4796.03  13278.3 -15757.3
 -7473.4 -15757.3  19425.8","fpfhs":"(0, 0, 0, 0, 0, 85.6991, 14.3009, 0, 0, 0, 0, 0, 0, 0, 0.769925, 15.7805, 50.3219, 31.8334, 1.29423, 0, 0, 0, 0.00681173, 0.00746663, 0.0307866, 2.95837, 51.4805, 43.5821, 1.58503, 0.348843, 0, 0, 0)",}