{"normals":{ "x":-0.583952,"y":-0.610793,"z":-0.534726,"d":0.449379},"area":5.81828,"volume":0.526242,"covariance": 19344.5  922.341 -21651.8
 922.341  9774.87 -10649.7
-21651.8 -10649.7    36606","fpfhs":"(0, 0, 0, 0, 0, 39.0201, 60.6107, 0.369166, 0, 0, 0, 0, 0, 0.00233339, 1.13613, 25.1537, 54.7736, 16.0678, 2.84644, 0.0200088, 0, 0, 0, 0, 2.53098, 32.4508, 60.0294, 4.98885, 0, 0, 0, 0, 0)",}