{"normals":{ "x":0.72208,"y":0.646179,"z":-0.247089,"d":0.261897},"area":3.3158,"volume":0.221288,"covariance": 2520.27 -1616.08   3730.3
-1616.08  1626.37 -1446.72
  3730.3 -1446.72  7507.98","fpfhs":"(0, 0, 0, 0, 0, 54.5543, 45.4457, 0, 0, 0, 0, 0, 0, 0, 1.38157, 39.4657, 50.8469, 8.23233, 0.0734671, 0, 0, 0, 0, 1.44495, 2.07616, 37.2359, 50.2243, 9.01871, 0, 0, 0, 0, 0)",}