{"normals":{ "x":0.750577,"y":0.393999,"z":0.530471,"d":-0.495025},"area":11.6044,"volume":1.29973,"covariance": 34745.8  3911.65 -49877.9
 3911.65   9883.5 -12545.7
-49877.9 -12545.7  79770.9","fpfhs":"(0, 0, 0, 0, 0, 76.476, 23.2928, 0.231192, 0, 0, 0, 0, 0.659589, 8.50801, 10.2731, 23.7358, 42.0565, 13.9876, 0.708191, 0.0712818, 0, 0, 0, 0, 1.34122, 9.33821, 62.3306, 26.9565, 0.0307489, 0.00274755, 0, 0, 0)",}