{"normals":{ "x":-0.492634,"y":0.194875,"z":0.848136,"d":-0.535001},"area":0.625143,"volume":0.028989,"covariance":1465.77 458.609 702.392
458.609 506.124 160.665
702.392 160.665 438.043","fpfhs":"(0, 0, 0, 0, 0, 96.1442, 3.85583, 0, 0, 0, 0, 0, 0, 0, 1.59813, 25.5979, 50.776, 21.3281, 0.699935, 0, 0, 0, 0, 0.106864, 0.440614, 5.98099, 50.5734, 42.155, 0.22175, 0.52143, 0, 0, 0)",}