{"normals":{ "x":0.819292,"y":-0.140646,"z":-0.555859,"d":0.404157},"area":31.8791,"volume":3.53395,"covariance": 43901.1 -13479.9  67651.8
-13479.9  15062.8 -24288.1
 67651.8 -24288.1   106491","fpfhs":"(0, 0, 0, 0, 0, 100, 0, 0, 0, 0, 0, 0, 0, 0, 0, 0, 98.924, 1.07598, 0, 0, 0, 0, 0, 0, 0.359179, 2.30265, 28.0533, 68.0306, 1.25426, 0, 0, 0, 0)",}