{"normals":{ "x":0.174007,"y":-0.866319,"z":-0.468202,"d":0.969173},"area":15.6507,"volume":0,"covariance": 45347.1   -20163  53971.1
  -20163  20967.9 -45546.1
 53971.1 -45546.1   103381","fpfhs":"(0, 0, 0, 0, 0, 99.6619, 0.338126, 0, 0, 0, 0, 0, 0, 0, 0, 7.68676, 65.9467, 26.3665, 0, 0, 0, 0, 1.6575, 2.82083, 7.27026, 17.877, 40.283, 17.9229, 3.41827, 1.88807, 2.9835, 2.68527, 1.19349)",}