{"normals":{ "x":-0.545059,"y":0.128842,"z":0.828438,"d":-0.516955},"area":0.700573,"volume":0.0317362,"covariance":1684.83 845.923 867.786
845.923 2943.04 124.624
867.786 124.624 712.405","fpfhs":"(0, 0, 0, 0, 0, 68.6854, 31.3146, 0, 0, 0, 0, 0, 0, 0, 2.6783, 31.2736, 50.7252, 14.1716, 1.15138, 0, 0, 0, 0.0115977, 0, 2.68901, 26.3213, 45.8514, 24.7994, 0.32726, 0, 0, 0, 0)",}