{"normals":{ "x":0.113149,"y":-0.969425,"z":-0.217742,"d":0.833261},"area":39.4395,"volume":3.45993,"covariance": 18617.1  3715.29 -6372.13
 3715.29  2918.88 -10489.9
-6372.13 -10489.9  43309.2","fpfhs":"(0, 0, 0, 0, 0, 100, 0, 0, 0, 0, 0, 0, 0, 0, 0, 0.69074, 98.7237, 0.585592, 0, 0, 0, 0, 0.440321, 0.00859134, 0.271614, 0.49415, 7.48609, 47.8457, 38.5287, 3.82465, 0.976316, 0.105922, 0.0180109)",}