{"normals":{ "x":0.718572,"y":0.396897,"z":0.571075,"d":-0.522738},"area":9.53493,"volume":1.09432,"covariance": 30505.6  1504.49 -38287.7
 1504.49  10807.8 -8744.73
-38287.7 -8744.73  54808.9","fpfhs":"(0, 0, 0, 0, 0, 100, 0, 0, 0, 0, 0, 0, 0, 0, 0, 0, 100, 0, 0, 0, 0, 0, 0.00640472, 0, 0.452951, 3.02899, 15.6261, 75.0518, 5.18866, 0.381619, 0.154572, 0.102495, 0.00638881)",}