{"normals":{ "x":0.668681,"y":-0.717072,"z":0.196657,"d":-0.193891},"area":12.4194,"volume":1.41429,"covariance": 15242.3  6549.58 -25495.4
 6549.58  4273.48  -7074.5
-25495.4  -7074.5  58019.9","fpfhs":"(0, 0, 0, 0, 0, 62.257, 37.743, 0, 0, 0, 0, 0, 0, 0, 11.6931, 26.4205, 47.4817, 12.437, 1.96767, 0, 0, 0, 0, 0, 1.40622, 36.1041, 36.9051, 23.5413, 1.59182, 0.342953, 0, 0.108604, 0)",}