{"normals":{ "x":-0.241846,"y":-0.530683,"z":0.812334,"d":-0.87291},"area":2.84867,"volume":0.225035,"covariance": 25399.7 -2019.78  7480.53
-2019.78  10507.5   5267.9
 7480.53   5267.9  6517.16","fpfhs":"(0, 0, 0, 0, 25.3052, 74.6948, 0, 0, 0, 0, 0, 0, 0, 0, 0, 11.2754, 60.7158, 28.0089, 0, 0, 0, 0, 0, 0, 0.00662623, 0, 0.25427, 13.2341, 77.0851, 8.89864, 0.460484, 0.0292103, 0.0315481)",}