{"normals":{ "x":0.717233,"y":0.401967,"z":0.56921,"d":-0.522325},"area":9.57885,"volume":1.0979,"covariance": 30521.7  1565.81 -38423.5
 1565.81  10943.2 -9026.54
-38423.5 -9026.54  55342.4","fpfhs":"(0, 0, 0, 0, 0, 100, 0, 0, 0, 0, 0, 0, 0, 0, 0, 2.35835, 97.6416, 0, 0, 0, 0, 0, 0.380521, 0.0463755, 1.06138, 2.23456, 13.6853, 71.8767, 9.8169, 0.805773, 0.0722473, 0.0202768, 0)",}