{"normals":{ "x":0.668976,"y":-0.716678,"z":0.197087,"d":-0.194013},"area":12.5269,"volume":1.42487,"covariance": 15840.2  6877.83 -26155.8
 6877.83  4487.79  -7381.3
-26155.8  -7381.3  58815.8","fpfhs":"(0, 0, 0, 0, 0, 67.4347, 32.5653, 0, 0, 0, 0, 0, 0, 0, 12.2575, 33.0798, 50.2619, 3.81076, 0.58629, 0.00370561, 0, 0, 0, 0, 2.103, 40.3352, 29.1117, 22.5735, 4.00921, 0.0167941, 1.85063, 0, 0)",}