{"normals":{ "x":0.0131476,"y":-0.99662,"z":-0.0810917,"d":0.495015},"area":0.717276,"volume":0.0289827,"covariance": 3787.13 -142.711  507.033
-142.711  88.3814 -3.54794
 507.033 -3.54794  222.957","fpfhs":"(0, 0, 0, 0, 0, 99.9806, 0.0193957, 0, 0, 0, 0, 0, 0, 0, 0, 13.5773, 84.5284, 1.89427, 0, 0, 0, 0, 0.251044, 0.556282, 1.60734, 8.7482, 60.8352, 26.8863, 0.733784, 0.162876, 0.0141363, 0.0980131, 0.106829)",}