{"normals":{ "x":0.655686,"y":0.442674,"z":0.611651,"d":-0.567827},"area":8.3408,"volume":0.908732,"covariance":   26273  2288.63 -29017.8
 2288.63  8573.13 -7986.74
-29017.8 -7986.74  37616.2","fpfhs":"(0, 0, 0, 0, 0.564107, 37.865, 58.1706, 3.38592, 0.014329, 0, 0, 1.68143, 1.95003, 5.49263, 15.0671, 28.6556, 31.7752, 14.5772, 0.800848, 0, 0, 0, 0, 0.115158, 11.3751, 43.5462, 37.7826, 5.67659, 0.58852, 0.685506, 0.230283, 0, 0)",}