{"normals":{ "x":-0.546546,"y":0.0227624,"z":0.83712,"d":-0.506653},"area":0.634417,"volume":0.0287342,"covariance":1069.41 429.374 620.387
429.374 854.519 219.357
620.387 219.357 424.795","fpfhs":"(0, 0, 0, 0, 0, 82.2715, 17.6867, 0.0418045, 0, 0, 0, 0, 0.224518, 4.02247, 17.2878, 39.2753, 34.0649, 4.87605, 0.242243, 0.00675366, 0, 0, 0, 0, 0.368537, 9.80975, 55.832, 30.9537, 2.96377, 0.0721876, 0, 0, 0)",}