{"normals":{ "x":-0.557408,"y":0.15414,"z":0.815805,"d":-0.507584},"area":0.785277,"volume":0.037822,"covariance":1657.49 793.023 849.224
793.023  2907.8  103.67
849.224  103.67 787.956","fpfhs":"(0, 0, 0, 0, 0, 100, 0, 0, 0, 0, 0, 0, 0, 0, 0, 0, 100, 0, 0, 0, 0, 0, 0, 0, 0.314626, 5.93045, 30.0085, 52.1791, 9.05649, 2.43385, 0.0769872, 0, 0)",}