{"normals":{ "x":-0.193487,"y":-0.964117,"z":-0.181774,"d":0.321611},"area":32.9029,"volume":3.68008,"covariance":   17770 -5527.46  11372.6
-5527.46  2968.41 -8225.57
 11372.6 -8225.57    27669","fpfhs":"(100, 0, 0, 0, 0, 0, 0, 0, 0, 0, 0, 100, 0, 0, 0, 0, 0, 0, 0, 0, 0, 0, 100, 0, 0, 0, 0, 0, 0, 0, 0, 0, 0)",}