{"normals":{ "x":0.692655,"y":0.404246,"z":0.597339,"d":-0.559414},"area":9.06506,"volume":1.01699,"covariance": 27388.7  2051.67 -31792.2
 2051.67  9395.69 -8028.56
-31792.2 -8028.56  42326.6","fpfhs":"(0, 0, 0, 0, 0, 100, 0, 0, 0, 0, 0, 0, 0, 0, 0, 17.0682, 82.6543, 0.27746, 0, 0, 0, 0, 0, 0, 0.132825, 1.62438, 10.9211, 79.7389, 4.81277, 2.69763, 0.0723784, 0, 0)",}