{"normals":{ "x":0.866953,"y":0.247865,"z":-0.432383,"d":0.281823},"area":5.40183,"volume":0,"covariance": 19752.7 -9462.09  33545.5
-9462.09  6698.71 -15078.6
 33545.5 -15078.6  57733.8","fpfhs":"(0, 0, 0, 0, 0, 96.8778, 3.12221, 0, 0, 0, 0, 0, 0, 0, 0.640476, 22.1645, 62.3404, 14.7901, 0.0644869, 0, 0, 0, 0, 0.0325472, 0.789444, 4.10554, 42.2003, 50.9243, 1.73442, 0.213438, 0, 0, 0)",}