{"normals":{ "x":0.692694,"y":0.403178,"z":0.598015,"d":-0.560478},"area":9.05878,"volume":1.01919,"covariance": 27645.8  2170.18 -32099.2
 2170.18  9549.33 -8247.76
-32099.2 -8247.76  42751.4","fpfhs":"(0, 0, 0, 0, 0, 100, 0, 0, 0, 0, 0, 0, 0, 0, 0, 0.0766175, 99.9234, 0, 0, 0, 0, 0, 0, 0, 0, 0.0510585, 6.94864, 86.7095, 6.05305, 0.23373, 0.00400119, 0, 0)",}