{"normals":{ "x":0.865906,"y":0.257708,"z":-0.428711,"d":0.279994},"area":4.95151,"volume":0,"covariance": 17684.3  -8663.9  29993.9
 -8663.9   6029.2 -13813.7
 29993.9 -13813.7  51620.7","fpfhs":"(0, 0, 0, 0, 0, 94.0834, 5.91662, 0, 0, 0, 0, 0, 0, 0.356156, 9.69961, 25.5824, 45.5242, 18.705, 0.13267, 0, 0, 0, 0, 0.129953, 0.442702, 10.7446, 38.0629, 45.3011, 4.06664, 1.25199, 0, 0, 0)",}