{"normals":{ "x":-0.0676802,"y":0.107428,"z":0.991907,"d":-0.642474},"area":0.755276,"volume":0.0389148,"covariance": 3180.11 -143.083  261.287
-143.083  3935.15 -423.655
 261.287 -423.655    324.4","fpfhs":"(0, 0, 0, 0, 0, 100, 0, 0, 0, 0, 0, 0, 0, 0, 0.0837965, 0.659712, 99.2565, 0, 0, 0, 0, 0, 0.0400974, 1.59148, 0.0878646, 0.506246, 32.5351, 60.7464, 1.84137, 1.96157, 0, 0.689829, 0)",}