{"normals":{ "x":0.368722,"y":-0.927827,"z":0.056397,"d":0.207825},"area":12.6009,"volume":1.18882,"covariance": 8897.31  2873.91 -8217.32
 2873.91  1115.43 -1906.15
-8217.32 -1906.15  20612.5","fpfhs":"(0, 0, 0, 0, 0, 45.8757, 54.1244, 0, 0, 0, 0, 0, 0, 0, 1.88558, 32.8951, 62.5822, 2.63708, 0, 0, 0, 0, 0.0546283, 5.94845, 11.0816, 50.807, 28.0039, 3.02993, 0.641819, 0.166537, 0, 0, 0.266161)",}