{"normals":{ "x":-0.0555482,"y":0.100281,"z":0.993407,"d":-0.646364},"area":0.71598,"volume":0.032222,"covariance": 3072.11 -69.2343  191.515
-69.2343  3936.01 -409.889
 191.515 -409.889   295.06","fpfhs":"(0, 0, 0, 0.0113365, 1.72636, 86.4044, 11.8213, 0.0114249, 0.0135322, 0.0116602, 0, 0.0260299, 0.0114249, 0.0906963, 9.84548, 15.7358, 60.7764, 12.6166, 0.833549, 0.0371144, 0.0234619, 0.00352119, 0.28321, 0, 2.69479, 7.18819, 51.3461, 31.9004, 0.60012, 3.15113, 2.67163, 0.152927, 0.0114422)",}