{"normals":{ "x":-0.0691494,"y":0.699171,"z":0.711603,"d":-1.17445},"area":2.89986,"volume":0.155508,"covariance": 344.869  277.391 -316.209
 277.391  859.031 -885.622
-316.209 -885.622  998.952","fpfhs":"(0, 0, 0, 3.31046, 46.1572, 49.6134, 0.918879, 0, 0, 0, 0, 0, 0.216698, 0.919743, 0.20156, 7.61799, 28.5691, 31.8366, 21.1296, 8.12237, 1.38631, 0, 2.42944, 1.02728, 0.107019, 1.87816, 2.58104, 2.34698, 28.9241, 41.0062, 17.4449, 2.00781, 0.247117)",}