{"normals":{ "x":0.69437,"y":0.573335,"z":0.4349,"d":-0.478094},"area":33.9467,"volume":4.50955,"covariance":   47117    10164 -87936.7
   10164  19665.6 -41119.6
-87936.7 -41119.6   196632","fpfhs":"(0, 0, 0, 0.0159633, 5.97044, 76.5813, 17.2197, 0.212567, 0, 0, 0, 0.753373, 2.63353, 4.70545, 10.2141, 18.6298, 23.8767, 18.7436, 13.4739, 4.94198, 1.41453, 0.613104, 0.3509, 1.15026, 6.97151, 17.9711, 29.0398, 6.20438, 19.4922, 13.4813, 3.71649, 1.24744, 0.374634)",}