{"normals":{ "x":0.723733,"y":-0.656793,"z":0.211738,"d":-0.212931},"area":30.8439,"volume":3.83733,"covariance": 21607.9  11822.8 -36163.9
 11822.8  9000.22   -13774
-36163.9   -13774  77604.1","fpfhs":"(0, 0, 0, 0, 0, 99.8499, 0.150082, 0, 0, 0, 0, 0, 0, 0, 0, 10.3951, 89.5785, 0.0264348, 0, 0, 0, 0, 0, 0, 0, 0.018824, 15.167, 83.841, 0.967266, 0.0058701, 0, 0, 0)",}