{"normals":{ "x":-0.104385,"y":0.177911,"z":0.978495,"d":-0.670886},"area":0.769244,"volume":0.0326701,"covariance": 2902.91 -446.297   378.04
-446.297  3748.85 -708.334
  378.04 -708.334  270.601","fpfhs":"(0, 0, 0, 0, 0.833124, 91.8273, 7.33955, 0, 0, 0, 0, 0.0174713, 0.0365201, 4.68558, 9.66517, 8.77711, 58.4831, 17.2924, 1.04263, 0, 0, 0, 0, 0.0603177, 1.37691, 7.67669, 40.1392, 44.0941, 3.31761, 2.63639, 0.609258, 0.0895194, 0)",}
