{"normals":{ "x":-0.483316,"y":-0.841462,"z":-0.241553,"d":0.165516},"area":15.9199,"volume":1.74577,"covariance": 3076.46  316.159 -6713.33
 316.159  783.629 -2951.01
-6713.33 -2951.01  22690.8","fpfhs":"(0, 0, 0, 0, 0.0888876, 99.9111, 0, 0, 0, 0, 0, 0, 0, 4.8559, 2.42984, 4.98452, 24.8741, 26.236, 36.6196, 0, 0, 0, 0, 0.17174, 2.87305, 8.30804, 42.4992, 17.2038, 13.066, 4.64203, 5.27012, 3.47657, 2.4894)",}