{"normals":{ "x":-0.119393,"y":0.20998,"z":0.970388,"d":-0.660412},"area":0.769318,"volume":0.0338702,"covariance": 2862.36 -251.473  385.867
-251.473  3657.96 -787.858
 385.867 -787.858  358.418","fpfhs":"(0, 0, 0, 0, 0.321666, 97.8257, 1.85262, 0, 0, 0, 0, 0, 0, 1.6832, 6.07528, 6.26709, 74.3357, 11.564, 0.0747495, 0, 0, 0, 0, 0, 1.54037, 3.87088, 56.0595, 36.5348, 0.388248, 0.834412, 0.60199, 0.138809, 0.0310309)",}