{"normals":{ "x":-0.109053,"y":0.123554,"z":0.986328,"d":-1.96355},"area":2.98511,"volume":0.232631,"covariance": 6257.6  2909.3 323.031
 2909.3 2134.95  4.8811
323.031  4.8811 110.817","fpfhs":"(0, 0, 0, 0, 0.763348, 99.2366, 0, 0, 0, 0, 0, 0, 0, 0, 0, 14.2918, 84.4209, 1.22464, 0.0626789, 0, 0, 0, 1.48781, 0.647145, 3.55919, 11.1692, 33.6817, 28.9107, 14.8623, 3.9551, 0.468465, 1.2584, 0)",}